허가구역명,장소유형,시도명,시군구명,소재지도로명주소,소재지지번주소,위도,경도,푸드트럭운영대수,허가구역사용료,허가구역운영시작일자,허가구역운영종료일자,허가구역휴무일,허가구역평일운영시작시각,허가구역평일운영종료시각,허가구역주말운영시작시각,허가구역주말운영종료시각,1월운영시작시각,1월운영종료시각,2월운영시작시각,2월운영종료시각,3월운영시작시각,3월운영종료시각,4월운영시작시각,4월운영종료시각,5월운영시작시각,5월운영종료시각,6월운영시작시각,6월운영종료시각,7월운영시작시각,7월운영종료시각,8월운영시작시각,8월운영종료시각,9월운영시작시각,9월운영종료시각,10월운영시작시각,10월운영종료시각,11월운영시작시각,11월운영종료시각,12월운영시작시각,12월운영종료시각,판매제한품목,관리기관명,관리기관전화번호,데이터기준일자,제공기관코드,제공기관명
비발디푸드트럭,99,강원특별자치도,홍천군,강원특별자치도 홍천군 서면 한치골길 262 (대명비발디파크 셔틀버스주차장),,,,1.0,월 매출액의 21,2016-05-27,2024-05-31,비수기+우천시,10:00,17:00,10:00,22:00,10:00,17:00,10:00,17:00,10:00,17:00,10:00,17:00,10:00,17:00,10:00,17:00,10:00,17:00,10:00,17:00,10:00,17:00,10:00,17:00,10:00,17:00,10:00,17:00,,강원특별자치도 홍천군보건소,033-430-2654,2023-10-05,4251000,강원특별자치도 홍천군
백로트레일러,99,강원특별자치도,홍천군,강원특별자치도 홍천군 서면 한치골길 262 (오션월드 실내 입구),,,,1.0,월 매출액의 40,2021-01-01,2024-12-31,주1회 자율적 휴무,13:30,18:30,13:30,18:30,13:30,18:30,13:30,18:30,13:30,18:30,13:30,18:30,13:30,18:30,13:30,18:30,13:30,18:30,13:30,18:30,13:30,18:30,13:30,18:30,13:30,18:30,13:30,18:30,,강원특별자치도 홍천군보건소,033-430-2654,2023-10-05,4251000,강원특별자치도 홍천군
전주지역자활센터청년사업콩닥콩닥푸드트럭,3,전북특별자치도,전주시 완산구,"전북특별자치도 전주시 완산구 모악산자락길 22, 완산생활체육공원 내 푸드트럭 존",,,,,월35800,2020-09-01,2022-12-13,연중무휴,11:00,17:00,11:00,17:00,,,,,,,,,,,,,,,,,,,,,,,,,,전주시시설관리공단,063-239-2569,2025-04-28,4641000,전북특별자치도 전주시
영남이공대학교 기계공학관 맞은편 공터,6,대구광역시,남구,대구광역시 남구 현충로 170,대구광역시 남구 대명동 317-1,35.84767574,128.5841726,0.0,0,2018-08-27,2018-12-15,연중무휴,00:00,00:00,00:00,00:00,00:00,00:00,00:00,00:00,00:00,00:00,00:00,00:00,00:00,00:00,00:00,00:00,00:00,00:00,00:00,00:00,00:00,00:00,00:00,00:00,00:00,00:00,00:00,00:00,없음,대구광역시 남구청,053-664-2776,2025-05-02,3440000,대구광역시 남구
대덕문화전당,8,대구광역시,남구,"대구광역시 남구 앞산순환로 478, 대덕문화전당",대구광역시 남구 대명동 산 201-4 대덕문화전당,35.83129333,128.5769704,0.0,0,2019-05-05,2019-05-05,연중무휴,00:00,00:00,00:00,00:00,00:00,00:00,00:00,00:00,00:00,00:00,00:00,00:00,00:00,00:00,00:00,00:00,00:00,00:00,00:00,00:00,00:00,00:00,00:00,00:00,00:00,00:00,00:00,00:00,없음,대구광역시 남구청,053-664-2774,2025-05-02,3440000,대구광역시 남구
이월드,01,대구광역시,달서구,대구광역시 달서구 두류공원로 200 (두류동),,,,,매출액의 20퍼센트,2019-01-02,2024-12-31,연중무휴,10:00,22:00,10:00,22:00,,,,,,,,,,,,,,,,,,,,,,,,,,대구광역시 달서구청,053-667-3762,2025-04-23,3470000,대구광역시 달서구
이월드,01,대구광역시,달서구,대구광역시 달서구 두류공원로 200 (두류동),,,,,매출액의 20퍼센트,2023-12-31,2025-12-31,연중무휴,10:00,22:00,10:00,22:00,,,,,,,,,,,,,,,,,,,,,,,,,,대구광역시 달서구청,053-667-3762,2025-04-23,3470000,대구광역시 달서구
이월드,01,대구광역시,달서구,"대구광역시 달서구 두류공원로 200, 1층 (두류동)",,,,,매출액의 20퍼센트,2023-08-11,2025-12-31,연중무휴,10:00,22:00,10:00,22:00,,,,,,,,,,,,,,,,,,,,,,,,,,대구광역시 달서구청,053-667-3762,2025-04-23,3470000,대구광역시 달서구
이월드,01,대구광역시,달서구,"대구광역시 달서구 두류공원로 200, 1층 (두류동)",,,,,매출액의 20퍼센트,2023-12-28,2025-12-31,연중무휴,10:00,22:00,10:00,22:00,,,,,,,,,,,,,,,,,,,,,,,,,,대구광역시 달서구청,053-667-3762,2025-04-23,3470000,대구광역시 달서구
이월드,01,대구광역시,달서구,"대구광역시 달서구 두류공원로 200, 1층 (두류동)",,,,,매출액의 20퍼센트,2023-12-27,2025-12-31,연중무휴,10:00,22:00,10:00,22:00,,,,,,,,,,,,,,,,,,,,,,,,,,대구광역시 달서구청,053-667-3762,2025-04-23,3470000,대구광역시 달서구
이월드,01,대구광역시,달서구,"대구광역시 달서구 두류공원로 200, 1층 (두류동)",,,,,매출액의 20퍼센트,2024-01-01,2025-12-31,연중무휴,10:00,22:00,10:00,22:00,,,,,,,,,,,,,,,,,,,,,,,,,,대구광역시 달서구청,053-667-3762,2025-04-23,3470000,대구광역시 달서구
이월드,01,대구광역시,달서구,"대구광역시 달서구 두류공원로 200, 1층 (두류동)",,,,,매출액의 20퍼센트,2024-08-09,2025-12-31,연중무휴,10:00,22:00,10:00,22:00,,,,,,,,,,,,,,,,,,,,,,,,,,대구광역시 달서구청,053-667-3762,2025-04-23,3470000,대구광역시 달서구
이월드,01,대구광역시,달서구,"대구광역시 달서구 두류공원로 200, 1층 (두류동)",,,,,매출액의 20퍼센트,2024-12-19,2025-12-20,연중무휴,10:00,22:00,10:00,22:00,,,,,,,,,,,,,,,,,,,,,,,,,,대구광역시 달서구청,053-667-3762,2025-04-23,3470000,대구광역시 달서구
엑스포시민광장,5,대전광역시,서구,대전광역시 서구 둔산대로 169,대전광역시 서구 만년동 396,36.36646857,127.3880154,5.0,0,2017-12-15,2018-02-18,연중무휴,10:00,20:00,10:00,20:00,10:00,20:00,10:00,20:00,10:00,20:00,10:00,20:00,10:00,20:00,10:00,20:00,10:00,20:00,10:00,20:00,10:00,20:00,10:00,20:00,10:00,20:00,10:00,20:00,,대전광역시 서구 위생과,042-288-3334,2025-05-09,3660000,대전광역시 서구
여주종합운동장,3,경기도,여주시,경기도 여주시 영릉로 123,경기도 여주시 월송동 1,37.29303754,127.6229022,1.0,0,2016-04-01,2019-03-31,연중무휴,00:00,23:59,00:00,23:59,,,,,,,,,,,,,,,,,,,,,,,,,,경기도 여주시청,031-887-2654,2023-11-15,5700000,경기도 여주시
여주프리미엄아울렛,99,경기도,여주시,경기도 여주시 명품로 360,경기도 여주시 상거동 460,37.24594805,127.6123848,10.0,0,2018-06-01,2018-08-31,계약일,00:00,23:59,00:00,23:59,,,,,,,,,,,,,,,,,,,,,,,,,,경기도 여주시청,031-887-2654,2023-11-15,5700000,경기도 여주시
국가하천(남한강)하천구역,5,경기도,여주시,,경기도 여주시 현암동 633-5,37.31352805,127.6297161,1.0,0,2022-04-25,2027-05-31,토+일,00:00,23:59,00:00,00:00,,,,,,,,,,,,,,,,,,,,,,,,,,경기도 여주시청,031-887-2654,2023-11-15,5700000,경기도 여주시
가남졸음쉼터,99,경기도,여주시,,경기도 여주시 가남읍 삼승리 143-1,37.1690741,127.6265365,1.0,0,2022-08-30,2023-09-06,연중무휴,00:00,23:59,00:00,23:59,,,,,,,,,,,,,,,,,,,,,,,,,,경기도 여주시청,031-887-2654,2023-11-15,5700000,경기도 여주시
부천종합운동장,99,경기도,부천시 원미구,경기도 부천시 원미구 소사로 482,,37.50256527,126.7990254,,연 417230원,2022-11-01,2027-10-31,경기 등 행사가 없을 경우(운영일: 경기 등 행사가 있을 경우),10:00,19:00,10:00,19:00,,,,,,,,,,,,,,,,,,,,,,,,,,부천도시공사,032-340-0871,2025-02-07,3860000,경기도 부천시
금오랜드,01,경상북도,구미시,경상북도 구미시 금오산로 339 (남통동),경상북도 구미시 남통동 253,36.11330434,128.3155849,1.0,0,2015-02-11,2099-12-31,연중무휴,09:00,20:00,09:00,20:00,,,,,,,,,,,,,,,,,,,,,,,,,,경상북도 구미시청,054-480-5598,2025-03-14,5080000,경상북도 구미시
브이아이피,99,경상북도,구미시,경상북도 구미시 인동20길 38-8,경상북도 구미시 진평동 44-4,36.09631199,128.4244081,1.0,0,2024-02-15,2026-01-31,연중무휴,13:00,22:00,13:00,22:00,,,,,,,,,,,,,,,,,,,,,,,,,,경상북도 구미시청,054-480-5598,2025-03-14,5080000,경상북도 구미시
별보러가자,99,경상북도,구미시,경상북도 구미시 인동20길 38-8,경상북도 구미시 진평동 44-4,36.09631199,128.4244081,1.0,0,2024-04-08,2026-01-31,연중무휴,13:00,22:00,13:00,22:00,,,,,,,,,,,,,,,,,,,,,,,,,,경상북도 구미시청,054-480-5598,2025-03-14,5080000,경상북도 구미시
꽃길만걷자6,99,경상북도,구미시,경상북도 구미시 인동20길 38-8,경상북도 구미시 진평동 44-4,36.09631199,128.4244081,1.0,월 2200000원,2025-02-21,2026-01-31,연중무휴,00:00,23:59,00:00,00:00,,,,,,,,,,,,,,,,,,,,,,,,,,경상북도 구미시청,054-480-5598,2025-03-14,5080000,경상북도 구미시
황룡친수공원,4,광주광역시,광산구,,광주광역시 광산구 선암동 214-4,35.14456637,126.7792287,1.0,년 319000원,2025-02-28,2027-02-27,연중무휴,10:00,19:00,10:00,19:00,10:00,17:00,10:00,17:00,10:00,19:00,10:00,19:00,10:00,19:00,10:00,19:00,10:00,19:00,10:00,19:00,10:00,19:00,10:00,19:00,10:00,17:00,10:00,17:00,주류(음주행위제한),광주광역시 광산구청,062-960-8784,2025-03-28,3630000,광주광역시 광산구
앵강소공원내,8,경상남도,남해군,경상남도 남해군 이동면 남해대로 1856-3,경상남도 남해군 이동면 무림리 1798,34.784161,127.9613395,1.0,년 6970원,2016-11-10,2022-11-24,연중무휴,10:00,18:00,10:00,18:00,10:00,18:00,10:00,18:00,10:00,18:00,10:00,18:00,10:00,18:00,10:00,18:00,10:00,18:00,10:00,18:00,10:00,18:00,10:00,18:00,10:00,18:00,10:00,18:00,주류,남해군 보건소,055-860-3242,2025-03-21,5430000,경상남도 남해군
남해유배문학관,8,경상남도,남해군,경상남도 남해군 남해읍 남해대로 2745,경상남도 남해군 남해읍 남변리 555,34.83195528,127.8991855,1.0,년 93550원,2017-06-07,2023-06-13,연중무휴,10:00,18:00,10:00,18:00,10:00,18:00,10:00,18:00,10:00,18:00,10:00,18:00,10:00,18:00,10:00,18:00,10:00,18:00,10:00,18:00,10:00,18:00,10:00,18:00,10:00,18:00,10:00,18:00,주류,남해군 보건소,055-860-3242,2025-03-21,5430000,경상남도 남해군
경상남도수산기술사업소 남해사무소,8,경상남도,남해군,경상남도 남해군 삼동면 동부대로 1778,경상남도 남해군 삼동면 금송리 1342-32,34.82976877,128.0082644,1.0,0,2020-01-01,2099-12-31,연중무휴,10:00,18:00,10:00,18:00,10:00,18:00,10:00,18:00,10:00,18:00,10:00,18:00,10:00,18:00,10:00,18:00,10:00,18:00,10:00,18:00,10:00,18:00,10:00,18:00,10:00,18:00,10:00,18:00,주류,남해군 보건소,055-860-3244,2025-03-21,5430000,경상남도 남해군
남해스크린골프장 주차장,99,경상남도,남해군,경상남도 남해군 남해읍 망운로61번길 47,경상남도 남해군 남해읍 서변리 265-1,34.8339934,127.8869218,1.0,년120만,2022-12-30,2027-12-29,연중무휴,10:00,18:00,10:00,18:00,10:00,18:00,10:00,18:00,10:00,18:00,10:00,18:00,10:00,18:00,10:00,18:00,10:00,18:00,10:00,18:00,10:00,18:00,10:00,18:00,10:00,18:00,10:00,18:00,주류,남해군 보건소,055-860-3244,2025-03-21,5430000,경상남도 남해군
경천섬푸드트럭ZONE,8,경상북도,상주시,,경상북도 상주시 도남동 산39-9,,,7.0,35110원,2024-12-01,2026-11-30,연중무휴,10:00,18:00,10:00,18:00,10:00,18:00,10:00,18:00,10:00,20:00,10:00,20:00,10:00,20:00,10:00,20:00,10:00,20:00,10:00,20:00,10:00,20:00,10:00,20:00,10:00,18:00,10:00,18:00,,경상북도 상주시청,054-537-5129,2025-03-17,5110000,경상북도 상주시
평창 휘닉스파크,2,강원특별자치도,평창군,강원특별자치도 평창군 봉평면 태기로 174,강원특별자치도 평창군 봉평면 면온리 1120,37.57587246,128.3160325,,0,2019-05-01,2030-12-31,연중무휴,09:00,19:00,09:00,19:00,09:00,19:00,09:00,19:00,09:00,19:00,09:00,19:00,09:00,19:00,09:00,19:00,09:00,19:00,09:00,19:00,09:00,19:00,09:00,19:00,09:00,19:00,09:00,19:00,주류,강원특별자치도 평창군청,033-330-2314,2025-06-20,4281000,강원특별자치도 평창군
평창전통시장,99,강원특별자치도,평창군,강원특별자치도 평창군 평창읍 평창시장1길 8-1,강원특별자치도 평창군 평창읍 하리 55-11,37.36684873,128.3945773,,0,2020-04-24,2030-12-31,5일+10일+15일+20일+25일+30일,09:00,19:00,09:00,19:00,09:00,19:00,09:00,19:00,09:00,19:00,09:00,19:00,09:00,19:00,09:00,19:00,09:00,19:00,09:00,19:00,09:00,19:00,09:00,19:00,09:00,19:00,09:00,19:00,주류,강원특별자치도 평창군청,033-330-2314,2025-06-20,4281000,강원특별자치도 평창군
금정실내체육관,3,부산광역시,금정구,부산광역시 금정구 체육공원로399번길 324,부산광역시 금정구 두구동 1641,35.28912199,129.1070421,1.0,0,2020-10-14,2020-10-14,평일,16:00,22:00,00:00,00:00,00:00,00:00,00:00,00:00,00:00,00:00,00:00,00:00,00:00,00:00,00:00,00:00,00:00,00:00,00:00,00:00,00:00,00:00,16:00,22:00,00:00,00:00,00:00,00:00,,부산광역시 금정구청,051-519-4412,2024-10-20,3350000,부산광역시 금정구
부산대학교,6,부산광역시,금정구,부산광역시 금정구 부산대학로63번길 2,부산광역시 금정구 장전동 40,35.23223941,129.0838238,3.0,0,2022-11-08,2022-11-09,평일,14:00,21:00,00:00,00:00,00:00,00:00,00:00,00:00,00:00,00:00,00:00,00:00,00:00,00:00,00:00,00:00,00:00,00:00,00:00,00:00,00:00,00:00,00:00,00:00,14:00,21:00,00:00,00:00,,부산광역시 금정구청,051-519-4412,2024-10-20,3350000,부산광역시 금정구
안산자락길 숲속카페,99,서울특별시,서대문구,,서울특별시 서대문구 현저동 107-399,,,1.0,무상,2020-03-20,2021-02-28,일요일 ~ 수요일,00:00,00:00,00:00,00:00,09:30,,,,,,,,,,,,,,,,,,,,,,,,주류,서대문구청 보건위생과,02-330-8951,2020-01-01,3120000,서울특별시 서대문구
칠곡군,1,경상북도,칠곡군,,경상북도 칠곡군 석적읍 중지리 552,36.018344,128.401163,1.0,"년51,040원",2017-03-30,2021-03-07,없음,10:00,23:00,10:00,23:00,,,,,,,,,,,,,,,,,,,,,,,,,,칠곡군,054-979-6674,2020-07-01,5220000,경상북도 칠곡군
어울림근린공원,04,경기도,동두천시,,경기도 동두천시 생연동 714-6,37.8981212,127.0516976,1.0,연 257100원,2020-07-05,2022-07-04,연중무휴,10:00,21:00,10:00,21:00,00:00,00:00,00:00,00:00,10:00,21:00,10:00,21:00,10:00,21:00,10:00,21:00,10:00,21:00,10:00,21:00,10:00,21:00,10:00,21:00,10:00,21:00,00:00,00:00,주류,경기도 동두천시청 농업축산위생과,031-860-2233,2024-12-24,3920000,경기도 동두천시
태전 효성해링턴 플레이스,99,경기도,광주시,"경기도 광주시 고불로 87 (태전동, 태전 효성해링턴 플레이스)",경기도 광주시 태전동 705 태전 효성해링턴 플레이스,,,1.0,0,2019-11-26,2024-07-30,토요일+일요일+공휴일,13:00,23:00,00:00,00:00,,,,,,,,,,,,,,,,,,,,,,,,,,경기도 광주시청,031-760-8435,2024-12-10,5540000,경기도 광주시
이편한세상 광주역 2단지,99,경기도,광주시,"경기도 광주시 순암로36번길 70 (역동, 이편한세상 광주역 2단지)",경기도 광주시 역동 244 이편한세상 광주역 2단지,,,1.0,0,2024-04-21,2025-04-20,토요일+일요일+공휴일,13:00,23:00,00:00,00:00,,,,,,,,,,,,,,,,,,,,,,,,,,경기도 광주시청,031-760-8435,2024-12-10,5540000,경기도 광주시
쌍용 더 플래티넘 광주,99,경기도,광주시,경기도 광주시 초월읍 경충대로1284번길 40 (쌍용 더 플래티넘 광주),,,,1.0,0,2024-10-29,2026-10-28,토요일+일요일+공휴일,13:00,23:00,00:00,00:00,,,,,,,,,,,,,,,,,,,,,,,,,,경기도 광주시청,031-760-8435,2024-12-10,5540000,경기도 광주시
동성1차아파트,99,경기도,광주시,"경기도 광주시 경충대로1422번길 25(쌍령동, 동성1차아파트)",,,,1.0,0,2023-02-28,2025-02-28,토요일+일요일+공휴일,13:00,23:00,00:00,00:00,,,,,,,,,,,,,,,,,,,,,,,,,,경기도 광주시청,031-760-8435,2024-12-10,5540000,경기도 광주시
킴스빌리지아파트,99,경기도,광주시,경기도 광주시 곤지암읍 평촌길 20 (킴스빌리지아파트),경기도 광주시 곤지암읍 삼리 125-1 킴스빌리지아파트,,,1.0,0,2021-05-18,2023-03-08,토요일+일요일+공휴일,13:00,23:00,00:00,00:00,,,,,,,,,,,,,,,,,,,,,,,,,,경기도 광주시청,031-760-8435,2024-12-10,5540000,경기도 광주시
경남아너스빌 1단지,99,경기도,광주시,"경기도 광주시 회안대로 637-35 (탄벌동, 경남아너스빌 1단지)",경기도 광주시 탄벌동 765 경남아너스빌 1단지,,,1.0,0,2022-03-10,2022-09-01,토요일+일요일+공휴일,13:00,23:00,00:00,00:00,,,,,,,,,,,,,,,,,,,,,,,,,,경기도 광주시청,031-760-8435,2024-12-10,5540000,경기도 광주시
소설악 가족 캠핌장,99,경기도,광주시,경기도 광주시 남한산성면 남한산성로 407,"경기도 광주시 남한산성면 불당리 7 일원, 10번지 일원",,,1.0,0,2022-11-23,2024-11-30,토요일+일요일+공휴일,13:00,23:00,00:00,00:00,,,,,,,,,,,,,,,,,,,,,,,,,,경기도 광주시청,031-760-8435,2024-12-10,5540000,경기도 광주시
광주역우방아이유쉘1단지,99,경기도,광주시,"경기도 광주시 청석로 70 (양벌동, 광주역우방아이유쉘1단지)",경기도 광주시 양벌동 1112 광주역우방아이유쉘1단지,,,1.0,0,2023-10-11,2024-04-11,토요일+일요일+공휴일,13:00,23:00,00:00,00:00,,,,,,,,,,,,,,,,,,,,,,,,,,경기도 광주시청,031-760-8435,2024-12-10,5540000,경기도 광주시
중대졸음쉼터,07,경기도,광주시,,경기도 광주시 중대동 248-1 중대졸음쉼터 내,,,1.0,0,2023-11-06,2024-12-31,연중무휴,08:00,23:00,08:00,23:00,,,,,,,,,,,,,,,,,,,,,,,,,,경기도 광주시청,031-760-8435,2024-12-10,5540000,경기도 광주시
당진시청,8,충청남도,당진시,충청남도 당진시 시청1로 1,충청남도 당진시 수청동 1002,36.88974143,126.645971,1.0,0,2018-05-02,2024-05-24,연중무휴,08:00,19:00,08:00,19:00,08:00,19:00,08:00,19:00,08:00,19:00,08:00,19:00,08:00,19:00,08:00,19:00,08:00,19:00,08:00,19:00,08:00,19:00,08:00,19:00,08:00,19:00,08:00,19:00,없음,충청남도 당진시,041-360-6652,2024-12-01,5680000,충청남도 당진시
쉼터,8,충청남도,당진시,충청남도 당진시 신평면 매산해변길 114,충청남도 당진시 신평면 매산리 29-26,36.92899667,126.8083957,1.0,548220원,2021-08-13,2025-10-31,연중무휴,11:00,22:00,11:00,22:00,11:00,22:00,11:00,22:00,11:00,22:00,11:00,22:00,11:00,22:00,11:00,22:00,11:00,22:00,11:00,22:00,11:00,22:00,11:00,22:00,11:00,22:00,11:00,22:00,없음,한국자산관리공사,041-630-6922,2024-12-01,5680000,충청남도 당진시
고속도로졸음쉼터,7,충청남도,당진시,"충청남도 당진시 송악읍 서해안고속도로 265, 당진졸음쉼터 푸드트럭 목포방향",충청남도 당진시 송악읍 영천리 366-12,36.90075043,126.7184687,1.0,임대요율에 따름,2024-02-28,2025-02-27,연중무휴,08:00,19:00,08:00,19:00,08:00,19:00,08:00,19:00,08:00,19:00,08:00,19:00,08:00,19:00,08:00,19:00,08:00,19:00,08:00,19:00,08:00,19:00,08:00,19:00,08:00,19:00,08:00,19:00,없음,한국도로공사,042-722-6046,2024-12-01,5680000,충청남도 당진시
고속도로졸음쉼터,7,충청남도,당진시,"충청남도 당진시 송악읍 서해안고속도로 265, 서울방향 당진졸음쉼터",충청남도 당진시 송악읍 영천리 366-12,36.90075043,126.7184687,1.0,매출의 2,2024-06-27,2025-06-26,연중무휴,08:00,19:00,08:00,19:00,08:00,19:00,08:00,19:00,08:00,19:00,08:00,19:00,08:00,19:00,08:00,19:00,08:00,19:00,08:00,19:00,08:00,19:00,08:00,19:00,08:00,19:00,08:00,19:00,없음,한국도로공사,042-722-6046,2024-12-01,5680000,충청남도 당진시
문예의전당,8,충청남도,당진시,충청남도 당진시 무수동2길 25-21,충청남도 당진시 읍내동 1062,36.88972251,126.6374833,1.0,0,2023-10-14,2023-10-14,연중무휴,08:00,19:00,08:00,19:00,08:00,19:00,08:00,19:00,08:00,19:00,08:00,19:00,08:00,19:00,08:00,19:00,08:00,19:00,08:00,19:00,08:00,19:00,08:00,19:00,08:00,19:00,08:00,19:00,없음,충청남도 당진시,041-360-6652,2024-12-01,5680000,충청남도 당진시
체육시설,3,충청남도,당진시,"충청남도 당진시 고대면 고대로 33, 일원(당진실내체육관 앞 일원)",충청남도 당진시 고대면 진관리 349-20,36.92244231,126.6015041,1.0,0,2024-10-29,2024-10-29,연중무휴,08:00,19:00,08:00,19:00,08:00,19:00,08:00,19:00,08:00,19:00,08:00,19:00,08:00,19:00,08:00,19:00,08:00,19:00,08:00,19:00,08:00,19:00,08:00,19:00,08:00,19:00,08:00,19:00,없음,충청남도 당진시,041-360-6652,2024-12-01,5680000,충청남도 당진시
원산도 체육공원 푸드존,03,충청남도,보령시,충청남도 보령시 오천면 원산도3길 85,충청남도 보령시 오천면 원산도리 975-2,36.36966067,126.4256786,,연 38500원,2022-04-01,2024-12-31,연중무휴,00:00,23:59,00:00,23:59,,,,,,,,,,,,,,,,,,,,,,,,,,충청남도 보령시 원산도출장소,041-936-1760,2023-11-30,4510000,충청남도 보령시
원산도 해수욕장 푸드존,01,충청남도,보령시,,충청남도 보령시 오천면 원산도리 1860-13,36.363862,126.428076,,연 188950원,2021-10-01,2024-12-31,연중무휴,00:00,23:59,00:00,23:59,,,,,,,,,,,,,,,,,,,,,,,,,,충청남도 보령시 원산도출장소,041-936-1760,2023-11-30,4510000,충청남도 보령시
우치공원,04,광주광역시,북구,광주광역시 북구 우치로 677(생용동),광주광역시 북구 생용동 90번지,35.22431388,126.8942421,1.0,연 40640원,2022-10-09,2024-10-08,연중무휴,10:00,18:00,10:00,18:00,10:00,18:00,10:00,18:00,10:00,18:00,10:00,18:00,10:00,18:00,10:00,18:00,10:00,18:00,10:00,18:00,10:00,18:00,10:00,18:00,10:00,18:00,10:00,18:00,주류+컵라면,광주광역시 우치공원,062-613-5860,2024-12-02,3620000,광주광역시 북구
호계2차현대홈타운,99,경기도,안양시,경기도 안양시 동안구 경수대로 462 (호계동 호계2차현대홈타운),,,,,매출액 15퍼센트(VAT별도),2020-09-21,2022-12-30,월+화+수+목+토+일,11:00,18:00,00:00,00:00,,,,,,,,,,,,,,,,,,,,,,,,,,경기도 안양시청,031-8045-4313,2024-12-02,3830000,경기도 안양시
황산공원(황산D)),5,경상남도,양산시,,경상남도 양산시 물금읍 증산리 1088-1,35.29178223,129.0005108,1.0,공시지가(원) × 면적 × 1(년) × 0.015,2021-01-01,2025-12-31,연중무휴,09:00,19:00,09:00,19:00,,,,,,,,,,,,,,,,,,,,,,,,,,경상남도 양산시,055-392-2823,2025-01-02,5380000,경상남도 양산시
가산공원,5,경상남도,양산시,,경상남도 양산시 동면 가산리 759,35.2942639,129.019024,1.0,공시지가(원) × 면적 × 1(년) × 0.015,2021-01-01,2025-12-31,연중무휴,09:00,19:00,09:00,19:00,,,,,,,,,,,,,,,,,,,,,,,,,,경상남도 양산시,055-392-2823,2025-01-02,5380000,경상남도 양산시
태풍센터근처,99,제주특별자치도,서귀포시,,제주특별자치도 서귀포시 남원읍 한남리 산 76-1,33.33235981,126.677829,1.0,0,2023-05-24,2025-04-28,연중무휴,00:00,23:59,00:00,23:59,,,,,,,,,,,,,,,,,,,,,,,,,,제주특별자치도 서귀포시청,064-760-2424,2025-01-09,6520000,제주특별자치도 서귀포시
솔오름전망대,99,제주특별자치도,서귀포시,,제주특별자치도 서귀포시 동홍동 2150-1,33.29173673,126.5557762,1.0,63910원,2023-04-11,2025-03-31,연중무휴,00:00,23:59,00:00,23:59,,,,,,,,,,,,,,,,,,,,,,,,,,제주특별자치도 서귀포시청,064-760-2424,2025-01-09,6520000,제주특별자치도 서귀포시
솔오름전망대,99,제주특별자치도,서귀포시,,제주특별자치도 서귀포시 동홍동 2150-1,33.29173673,126.5557204,1.0,63910원,2023-04-06,2025-03-31,연중무휴,00:00,23:59,00:00,23:59,,,,,,,,,,,,,,,,,,,,,,,,,,제주특별자치도 서귀포시청,064-760-2424,2025-01-09,6520000,제주특별자치도 서귀포시
중문해수욕장주차장,2,제주특별자치도,서귀포시,,제주특별자치도 서귀포시 색달동 2950-3,33.24498557,126.4147622,1.0,0,2020-12-01,2025-07-15,연중무휴,00:00,23:59,00:00,23:59,,,,,,,,,,,,,,,,,,,,,,,,,,제주특별자치도 서귀포시청,064-760-2424,2025-01-09,6520000,제주특별자치도 서귀포시
중문해수욕장주차장,2,제주특별자치도,서귀포시,,제주특별자치도 서귀포시 색달동 2950-3,33.24498557,126.4147622,1.0,0,2020-12-24,2025-07-15,연중무휴,00:00,23:59,00:00,23:59,,,,,,,,,,,,,,,,,,,,,,,,,,제주특별자치도 서귀포시청,064-760-2424,2025-01-09,6520000,제주특별자치도 서귀포시
제2산록도로 광평교차로,99,제주특별자치도,서귀포시,,제주특별자치도 서귀포시 안덕면 동광리 산 28,33.3293939262,126.356392,1.0,0,2023-04-18,2025-04-01,연중무휴,00:00,23:59,00:00,23:59,,,,,,,,,,,,,,,,,,,,,,,,,,제주특별자치도 서귀포시청,064-760-2424,2025-01-09,6520000,제주특별자치도 서귀포시
남조로 사려니숲길입구,99,제주특별자치도,서귀포시,,제주특별자치도 서귀포시 표선면 가시리 산 158-4,33.3948882127,126.6851488953,1.0,0,2023-04-10,2025-04-10,연중무휴,00:00,23:59,00:00,23:59,,,,,,,,,,,,,,,,,,,,,,,,,,제주특별자치도 서귀포시청,064-760-2424,2025-01-09,6520000,제주특별자치도 서귀포시
남조로 사려니숲길입구,99,제주특별자치도,서귀포시,,제주특별자치도 서귀포시 표선면 가시리 산 158-4,33.3948882127,126.6851488953,1.0,0,2023-04-17,2025-04-07,연중무휴,00:00,23:59,00:00,23:59,,,,,,,,,,,,,,,,,,,,,,,,,,제주특별자치도 서귀포시청,064-760-2424,2025-01-09,6520000,제주특별자치도 서귀포시
남조로 사려니숲길입구,99,제주특별자치도,서귀포시,,제주특별자치도 서귀포시 표선면 가시리 산 158-4,33.3948882127,126.6851488953,1.0,0,2023-04-06,2025-04-07,연중무휴,00:00,23:59,00:00,23:59,,,,,,,,,,,,,,,,,,,,,,,,,,제주특별자치도 서귀포시청,064-760-2424,2025-01-09,6520000,제주특별자치도 서귀포시
남조로 사려니숲길입구,99,제주특별자치도,서귀포시,,제주특별자치도 서귀포시 표선면 가시리 산 158-4,33.3948882127,126.6851488953,1.0,0,2023-04-28,2025-04-07,연중무휴,00:00,23:59,00:00,23:59,,,,,,,,,,,,,,,,,,,,,,,,,,제주특별자치도 서귀포시청,064-760-2424,2025-01-09,6520000,제주특별자치도 서귀포시
구)탐라대교차로,99,제주특별자치도,서귀포시,,제주특별자치도 서귀포시 하원동 산 76-1,33.29111188,126.4609316537,1.0,0,2023-06-01,2025-04-07,연중무휴,00:00,23:59,00:00,23:59,,,,,,,,,,,,,,,,,,,,,,,,,,제주특별자치도 서귀포시청,064-760-2424,2025-01-09,6520000,제주특별자치도 서귀포시
스프링데일 리조트 인근,99,제주특별자치도,서귀포시,,제주특별자치도 서귀포시 남원읍 위미리 산 102-5,33.3223840809,126.6474999637,1.0,0,2023-04-08,2025-04-08,연중무휴,00:00,23:59,00:00,23:59,,,,,,,,,,,,,,,,,,,,,,,,,,제주특별자치도 서귀포시청,064-760-2424,2025-01-09,6520000,제주특별자치도 서귀포시
표선면 세화리,99,제주특별자치도,서귀포시,,제주특별자치도 서귀포시 표선면 세화리 269-8,33.3077872,126.8040356,1.0,0,2024-01-03,2026-01-03,연중무휴,00:00,23:59,00:00,23:59,,,,,,,,,,,,,,,,,,,,,,,,,,제주특별자치도 서귀포시청,064-760-2424,2025-01-09,6520000,제주특별자치도 서귀포시
서동생활공원,3,경상남도,의령군,경상남도 의령군 의령읍 의병로8길 44,경상남도 의령군 의령읍 서동리 543,35.31545351,128.2558931,1.0,연 60220원,2023-03-23,2024-03-22,연중무휴,10:00,21:00,10:00,21:00,10:00,21:00,10:00,21:00,10:00,21:00,10:00,21:00,10:00,21:00,10:00,21:00,10:00,21:00,10:00,21:00,10:00,21:00,10:00,21:00,10:00,21:00,10:00,21:00,주류,경상남도 의령군청,055-570-2634,2024-07-23,5390000,경상남도 의령군
농어민문화체육센터,03,전라남도,완도군,전라남도 완도군 완도읍 개포로111,,34.31667144,126.7416714,1.0,"월 43,500원",2020-12-17,2024-12-31,연중무휴,01:00,00:00,01:00,00:00,,,,,,,,,,,,,,,,,,,,,,,,,,전라남도 완도군청 시설관리사업소(체육공원시설팀),061-550-5047,2024-08-16,4990000,전라남도 완도군
용지문화공원,4,경상남도,창원시 성산구,경상남도 창원시 성산구 중앙대로 186번길 13,경상남도 창원시 성산구 신월동 98,,,1.0,연133920원,2024-05-30,2026-05-29,연중무휴,10:00,23:59,10:00,23:59,10:00,23:59,10:00,23:59,10:00,23:59,10:00,23:59,10:00,23:59,10:00,23:59,10:00,23:59,10:00,23:59,10:00,23:59,10:00,23:59,10:00,23:59,10:00,23:59,커피등음료및간식류,경상남도 창원시 성산구청,055-272-4553,2024-08-20,5670000,경상남도 창원시
진해구민회관,99,경상남도,창원시 진해구,경상남도 창원시 진해구 진해대로325,경상남도 창원시 진해구 태백동 98,,,1.0,연100000원,2022-02-23,2025-02-22,연중무휴,10:00,15:00,10:00,15:00,,,,,,,,,,,,,,,,,,,,,,,,,,경상남도 창원시 진해구청,055-719-7890,2024-08-20,5670000,경상남도 창원시
아라미르CC마르코스,3,경상남도,창원시 진해구,경상남도 창원시 진해구 수제로36,경상남도 창원시 진해구 제덕동 898,,,1.0,0,2021-11-17,2025-12-31,연중무휴,10:00,17:00,10:00,17:00,10:00,17:00,10:00,17:00,10:00,17:00,,,,,,,,,,,,,,,,,10:00,17:00,주류,경상남도 창원시 진해구청,055-548-4561,2024-08-20,5670000,경상남도 창원시
경인아라뱃길,5,인천광역시,계양구,,인천광역시 계양구 귤현동 396,,,,연592500원,2022-03-07,2024-03-06,연중무휴,10:00,21:00,10:00,21:00,,,,,,,,,,,,,,,,,,,,,,,,,,인천광역시 계양구,032-450-5424,2024-08-20,3550000,인천광역시 계양구
경인아라뱃길,5,인천광역시,계양구,,인천광역시 계양구 평동 23-12,,,,연649000원,2022-03-07,2024-03-06,연중무휴,10:00,21:00,10:00,21:00,,,,,,,,,,,,,,,,,,,,,,,,,,인천광역시 계양구,032-450-5424,2024-08-20,3550000,인천광역시 계양구
경인아라뱃길,5,인천광역시,계양구,,인천광역시 계양구 평동 35-1,,,,연649000원,2022-03-07,2024-03-06,연중무휴,10:00,21:00,10:00,21:00,,,,,,,,,,,,,,,,,,,,,,,,,,인천광역시 계양구,032-450-5424,2024-08-20,3550000,인천광역시 계양구
경인아라뱃길,5,인천광역시,계양구,,인천광역시 계양구 평동 34-8,,,,연649000원,2022-03-07,2024-03-06,연중무휴,10:00,21:00,10:00,21:00,,,,,,,,,,,,,,,,,,,,,,,,,,인천광역시 계양구,032-450-5424,2024-08-20,3550000,인천광역시 계양구
아라천,5,인천광역시,계양구,,인천광역시 계양구 장기동 115-409번지 외 5필지,,,,0,2024-01-24,2029-01-23,연중무휴,10:00,21:00,10:00,21:00,,,,,,,,,,,,,,,,,,,,,,,,,,인천광역시 계양구,032-450-5424,2024-08-20,3550000,인천광역시 계양구
고속국도 졸음쉼터,1,경기도,양주시,,경기도 양주시 장흥면 삼하리 326-3,37.679472,126.9193136,1.0,월6500000원,2016-02-05,2026-02-28,토요일+일요일+공휴일,00:00,23:59,00:00,00:00,,,,,,,,,,,,,,,,,,,,,,,,,,경기도 양주시보건소 위생과,031-8082-5292,2024-08-20,5590000,경기도 양주시
신흥수영장 내,1,경기도,양주시,"경기도 양주시 장흥면 유원지로 406-11, 신흥수영장 내",경기도 양주시 장흥면 일영리 15-5,37.71734498,126.9491787,1.0,월10000000원,2023-06-16,2025-06-23,토요일+일요일+공휴일,00:00,23:59,00:00,00:00,,,,,,,,,,,,,,,,,,,,,,,,,,경기도 양주시보건소 위생과,031-8082-5292,2024-08-20,5590000,경기도 양주시
부여군청 광장,99,충청남도,부여군,"충청남도 부여군 부여읍 사비로 33, 부여군청",충청남도 부여군 부여읍 동남리 725,36.27573623,126.9097725,1.0,0,2017-12-29,2037-12-29,연중무휴,09:00,23:59,09:00,23:59,,,,,,,,,,,,,,,,,,,,,,,,,,충청남도 부여군청,041-830-8634,2024-08-19,4570000,충청남도 부여군
임천시장 공영 주차장,8,충청남도,부여군,,충청남도 부여군 임천면 군사리 88,36.189647,126.8925241,4.0,0,2019-12-16,2039-12-16,연중무휴,09:00,23:59,09:00,23:59,,,,,,,,,,,,,,,,,,,,,,,,,,충청남도 부여군청,041-830-8634,2024-08-19,4570000,충청남도 부여군
롯데프리미엄아울렛 부여점,2,충청남도,부여군,"충청남도 부여군 규암면 백제문로 387, 롯데프리미엄아울렛 1층, 이벤트홀",충청남도 부여군 규암면 합정리 172,36.30721422,126.9021823744,2.0,0,2020-04-24,2040-04-24,월요일+화요일+수요일+목요일+금요일,00:00,00:00,09:00,23:59,,,,,,,,,,,,,,,,,,,,,,,,,,충청남도 부여군청,041-830-8634,2024-08-19,4570000,충청남도 부여군
양서친환경도서관 앞,08,경기도,양평군,,경기도 양평군 양서면 용담리 535-15,37.54200043,127.3233014,1.0,연 87410원,2017-08-01,2027-02-28,연중무휴,00:00,23:59,00:00,23:59,10:30,20:00,10:30,20:00,10:30,20:00,10:30,20:00,10:30,20:00,00:00,00:00,00:00,00:00,00:00,00:00,00:00,00:00,00:00,00:00,00:00,00:00,00:00,00:00,,경기도 양평군청,031-770-2625,2023-05-24,4170000,경기도 양평군
뉴욕타이거푸드카페,4,경상남도,사천시,"경상남도 사천시 사천대로 17 (대방동, 삼천포대교공원)",경상남도 사천시 대방동 681 삼천포대교공원,34.93229419,128.0523348,1.0,0,2016-10-14,2023-10-14,공휴일,09:00,20:00,09:00,20:00,09:00,20:00,09:00,20:00,09:00,20:00,09:00,20:00,09:00,20:00,09:00,20:00,09:00,20:00,09:00,20:00,09:00,20:00,09:00,20:00,09:00,20:00,09:00,20:00,,경상남도 사천시청,055-831-2785,2023-05-20,5340000,경상남도 사천시
우리가족,4,경상남도,사천시,"경상남도 사천시 사천대로 17 (대방동, 삼천포대교공원)",경상남도 사천시 대방동 681 삼천포대교공원,34.93229419,128.0523348,1.0,0,2016-10-14,2023-10-14,공휴일,09:00,20:00,09:00,20:00,09:00,20:00,09:00,20:00,09:00,20:00,09:00,20:00,09:00,20:00,09:00,20:00,09:00,20:00,09:00,20:00,09:00,20:00,09:00,20:00,09:00,20:00,09:00,20:00,,경상남도 사천시청,055-831-2785,2023-05-20,5340000,경상남도 사천시
미관광장(경관광장),4,경상남도,사천시,경상남도 사천시 사남면 해안산업로 474,경상남도 사천시 사남면 초전리 1989,35.058684,128.0406934,1.0,174900,2022-01-26,2024-01-04,없음,09:00,19:00,09:00,19:00,,,,,,,,,,,,,,,,,,,,,,,,,,경상남도 사천시청,055-831-3416,2023-05-20,5340000,경상남도 사천시
사천대교 휴게소,99,경상남도,사천시,경상남도 사천시 자구로 5,경상남도 사천시 서포면 자혜리 산23-20번지,35.00466389,128.0185069,1.0,면제(금10000원 미만),2023-05-01,2025-05-01,미정,09:00,19:00,09:00,19:00,,,,,,,,,,,,,,,,,,,,,,,,,,경상남도 사천시청,055-831-3383,2023-05-20,5340000,경상남도 사천시
카페베리 앞 도로,2,전라북도,고창군,전라북도 고창군 심원면 심원로 270-66,전라북도 고창군 심원면 월산리 247-16,,,1.0,0,2018-05-07,2018-05-07,화요일+수요일,12:00,17:30,12:00,17:30,,,,,,,,,,,,,,,,,,,,,,,,,,전라북도 고창군,063-560-2887,2023-01-20,4781000,전북특별자치도 고창군
꽃길프로젝트,2,전라북도,고창군,전라북도 고창군 부안면 복분자로 307,전라북도 고창군 부안면 용산리 409-2,,,1.0,0,2021-09-15,2023-09-22,연중무휴,09:00,18:00,09:00,18:00,,,,,,,,,,,,,,,,,,,,,,,,,,전라북도 고창군,063-560-2887,2023-01-20,4781000,전북특별자치도 고창군
서구문화회관,99,대구광역시,서구,대구광역시 서구 당산로 403,대구광역시 서구 이현동 48-144,35.87279161,128.545535,1.0,0,2018-03-12,2019-03-11,미공연 시,09:00,22:00,09:00,22:00,,,,,,,,,,,,,,,,,,,,,,,,,술,대구광역시 서구청,053-663-2774,2024-07-10,3430000,대구광역시 서구
곡성세계장미축제장,2,전라남도,곡성군,전라남도 곡성군 오곡면 기차마을로 232,,35.27753265,127.3082865,,일 20000원,2024-05-17,2024-05-26,축제기간 중 휴무일 없음,09:00,18:00,09:00,18:00,,,,,,,,,,,,,,,,,,,,,,,,,,전라남도 곡성군청,061-360-8635,2024-06-18,4860000,전라남도 곡성군
곡성심청축제장,2,전라남도,곡성군,전라남도 곡성군 오곡면 기차마을로 232,,35.27753265,127.3082865,,0,2024-05-17,2024-05-26,축제기간 중 휴무일 없음,09:00,18:00,09:00,18:00,,,,,,,,,,,,,,,,,,,,,,,,,,전라남도 곡성군청,061-360-8635,2024-06-18,4860000,전라남도 곡성군
유원시설,01,경상남도,거창군,경상남도 거창군 남상면 창포원길 21-1,경상남도 거창군 남상면 월평리 2286-1,35.65495682,127.939573,1.0,0,2022-12-20,2090-12-31,연중무휴,09:00,18:00,09:00,18:00,09:00,18:00,09:00,18:00,09:00,18:00,09:00,18:00,09:00,18:00,09:00,18:00,09:00,18:00,09:00,18:00,09:00,18:00,09:00,18:00,09:00,18:00,09:00,18:00,해당사항 없음.,경상남도 거창군,055-940-3334,2024-05-12,5470000,경상남도 거창군
개인사유지,99,경상남도,거창군,경상남도 거창군 님하면 무릉1길 25,경상남도 거창군 남하면 무릉리 975-1,35.6666042357,127.9440111836,1.0,월300000원,2023-09-06,2033-08-31,연중무휴,09:00,16:30,09:00,18:00,09:00,16:30,09:00,16:30,09:00,16:30,09:00,17:30,09:00,17:30,09:00,17:30,09:00,17:30,09:00,17:30,09:00,17:30,09:00,17:30,09:00,16:30,09:00,16:30,해당사항 없음.,경상남도 거창군,055-940-3334,2024-05-12,5470000,경상남도 거창군
한양대학교에리카캠퍼스,6,경기도,안산시 상록구,"경기도 안산시 상록구 한양대학로 55, 한양대에리카(한양대학교(ERICA)2022학년도 가을축제) (사동)",경기도 안산시 상록구 사동 1271 한양대에리카(한양대학교(ERICA)2022학년도 가을축제),37.29800473,126.8343938,1.0,0,2022-09-19,2022-09-30,행사일외휴무,00:00,23:59,00:00,23:59,,,,,,,,,,,,,,,,,,,,,,,,,없음,경기도 안산시 상록구청 환경위생과,031-481-5235,2025-06-02,3930000,경기도 안산시
한양대학교에리카캠퍼스,6,경기도,안산시 상록구,"경기도 안산시 상록구 한양대학로 55, 한양대학교에리카캠퍼스 내 잔디공터주변도로(2023 한양대학교ERICA 캠퍼스 pang) (사동)",경기도 안산시 상록구 사동 1271 한양대학교에리카캠퍼스 내 잔디공터주변도로(2023 한양대학교ERICA 캠퍼스 pang),37.29800473,126.8343938,1.0,0,2023-05-09,2023-05-18,행사일외휴무,00:00,23:59,00:00,23:59,,,,,,,,,,,,,,,,,,,,,,,,,없음,경기도 안산시 상록구청 환경위생과,031-481-5235,2025-06-02,3930000,경기도 안산시
한양대학교에리카캠퍼스,6,경기도,안산시 상록구,"경기도 안산시 상록구 한양대학로 55, 한양대학교 ERICA 민주광장 일대(2023 안산사이언스밸리(ASV) 과학축제) (사동)",경기도 안산시 상록구 사동 1271 한양대학교 ERICA 민주광장 일대(2023 안산사이언스밸리(ASV) 과학축제),37.29800473,126.8343938,1.0,0,2023-09-06,2023-09-17,행사일외휴무,00:00,23:59,00:00,23:59,,,,,,,,,,,,,,,,,,,,,,,,,없음,경기도 안산시 상록구청 환경위생과,031-481-5235,2025-06-02,3930000,경기도 안산시
"서서울톨게이트,(서울방향)졸음쉼터 내",7,경기도,안산시 상록구,,경기도 안산시 상록구 장하동 산 8-1 서해안고속도로 서서울TG(서울)졸음쉼터 내,37.357211,126.864841,1.0,100000,2023-03-16,2023-11-24,연중무휴,07:00,20:00,07:00,20:00,07:00,20:00,08:00,19:00,08:00,19:00,08:00,19:00,08:00,19:00,08:00,19:00,08:00,19:00,08:00,19:00,08:00,19:00,08:00,19:00,07:00,20:00,07:00,20:00,없음,경기도 안산시 상록구청 환경위생과,031-481-5235,2025-06-02,3930000,경기도 안산시
본오1동주민센터,8,경기도,안산시 상록구,"경기도 안산시 상록구 샘골로 16, 본오1동주민센터 1층 앞마당호 (본오동)",경기도 안산시 상록구 본오동 990 본오1동주민센터 1층 앞마당,37.28510646,126.8642496,1.0,0,2019-02-15,2019-02-24,행사일외휴무,00:00,23:59,00:00,23:59,,,,,,,,,,,,,,,,,,,,,,,,,없음,경기도 안산시 상록구청 환경위생과,031-481-5235,2025-06-02,3930000,경기도 안산시
시낭운동장,8,경기도,안산시 상록구,"경기도 안산시 상록구 시낭로 45, 시낭운동장 (부곡동)",경기도 안산시 상록구 부곡동 719-1 시낭운동장,37.33410693,126.8553933,1.0,0,2023-09-12,2023-09-24,행사일외휴무,00:00,23:59,00:00,23:59,,,,,,,,,,,,,,,,,,,,,,,,,없음,경기도 안산시 상록구청 환경위생과,031-481-5235,2025-06-02,3930000,경기도 안산시
우포늪생태공원,2,경상남도,창녕군,,경상남도 창녕군 유어면 세진리 251-1,35.54466399,128.4181995,1.0,0,2024-02-19,2026-02-18,연중무휴,09:00,22:00,09:00,22:00,09:00,20:00,09:00,20:00,09:00,22:00,09:00,22:00,09:00,22:00,09:00,22:00,09:00,22:00,09:00,22:00,09:00,22:00,09:00,22:00,09:00,22:00,09:00,20:00,허가품목 외,경상남도 창녕군청,055-530-1093,2025-04-30,5410000,경상남도 창녕군
남지읍수변생태공원,5,경상남도,창녕군,,경상남도 창녕군 남지읍 남지리 835-16,35.38464499,128.4740153,3.0,0,2024-05-01,2026-04-30,연중무휴,09:00,22:00,09:00,22:00,09:00,20:00,09:00,20:00,09:00,22:00,09:00,22:00,09:00,22:00,09:00,22:00,09:00,22:00,09:00,22:00,09:00,22:00,09:00,22:00,09:00,22:00,09:00,20:00,허가품목 외,경상남도 창녕군청,055-530-1093,2025-04-30,5410000,경상남도 창녕군
부곡온천관광특구,2,경상남도,창녕군,,경상남도 창녕군 부곡면 거문리 723-2,35.4414699992,128.5852134,1.0,0,2025-01-04,2027-01-03,연중무휴,09:00,22:00,09:00,22:00,09:00,20:00,09:00,20:00,09:00,22:00,09:00,22:00,09:00,22:00,09:00,22:00,09:00,22:00,09:00,22:00,09:00,22:00,09:00,22:00,09:00,22:00,09:00,20:00,허가품목 외,경상남도 창녕군청,055-530-1093,2025-04-30,5410000,경상남도 창녕군
소요쿠키앤커피,3,전북특별자치도,전주시 완산구,"전북특별자치도 전주시 완산구 모악산자락길 22, 완산생활체육공원 내 푸드트럭 존",,,,,월660000,2016-10-15,2022-04-22,연중무휴,09:30,17:30,09:30,17:30,,,,,,,,,,,,,,,,,,,,,,,,,,전주시시설관리공단,063-239-2569,2025-04-28,4641000,전북특별자치도 전주시
진부전통시장,99,강원특별자치도,평창군,강원특별자치도 평창군 진부면 진부새싹길 28-7,강원특별자치도 평창군 진부면 하진부리 206-95,37.638231,128.5579259,,0,2020-04-24,2030-12-31,3일+8일+13일+18일+23일+28일,09:00,19:00,09:00,19:00,09:00,19:00,09:00,19:00,09:00,19:00,09:00,19:00,09:00,19:00,09:00,19:00,09:00,19:00,09:00,19:00,09:00,19:00,09:00,19:00,09:00,19:00,09:00,19:00,주류,강원특별자치도 평창군청,033-330-2314,2025-06-20,4281000,강원특별자치도 평창군
수목원테마파크,1,제주특별자치도,제주시,제주특별자치도 제주시 은수길 69 (연동),제주특별자치도 제주시 연동 1320,33.47065036,126.4882178,20.0,0,2021-01-14,2028-12-31,연중무휴,18:00,22:00,18:00,22:00,,,,,,,,,,,,,,,,,,,,,,,,,,제주특별자치도 제주시청,064-728-1452,2025-03-26,6510000,제주특별자치도 제주시
새별오름,8,제주특별자치도,제주시,,제주특별자치도 제주시 애월읍 봉성리 4554-12,33.3629888,126.3583544,5.0,년 37950원,2025-01-15,2026-12-31,연중무휴,10:00,18:00,10:00,18:00,,,,,,,,,,,,,,,,,,,,,,,,,,제주특별자치도 제주시청,064-728-1452,2025-03-26,6510000,제주특별자치도 제주시
애월스마트테마파크,1,제주특별자치도,제주시,"제주특별자치도 제주시 애월읍 천덕로 880-24, 애월스마트테마파크",제주특별자치도 제주시 애월읍 어음리 산 131 애월스마트테마파크,33.3905874014,126.3645153848,1.0,0,2022-05-17,2025-12-31,연중무휴,10:00,18:00,10:00,18:00,,,,,,,,,,,,,,,,,,,,,,,,,,제주특별자치도 제주시청,064-728-1452,2025-03-26,6510000,제주특별자치도 제주시
화진포관광지1,2,강원특별자치도,고성군,강원특별자치도 고성군 현내면 화진포길 412,강원특별자치도 고성군 현내면 초도리 94번지 2호,38.48138302,128.4356988,1.0,129800,2015-06-17,2021-07-10,연중무휴,09:00,18:00,09:00,18:00,09:00,18:00,09:00,18:00,09:00,18:00,09:00,18:00,09:00,18:00,09:00,18:00,09:00,18:00,09:00,18:00,09:00,18:00,09:00,18:00,09:00,18:00,09:00,18:00,,강원특별자치도 고성군보건소,033-680-3954,2025-03-10,4341000,강원특별자치도 고성군
화진포관광지2,2,강원특별자치도,고성군,강원특별자치도 고성군 거진읍 화진포길 280,강원특별자치도 고성군 거진읍 화포리 605번지,38.47250441,128.4430193,1.0,0,2015-10-27,2100-01-01,연중무휴,08:00,18:00,08:00,18:00,09:00,17:00,09:00,17:00,09:00,17:00,08:00,18:00,08:00,18:00,08:00,18:00,08:00,18:00,08:00,18:00,08:00,18:00,08:00,18:00,09:00,17:00,09:00,17:00,,강원특별자치도 고성군보건소,033-680-3954,2025-03-10,4341000,강원특별자치도 고성군
기타장소,99,강원특별자치도,고성군,강원특별자치도 고성군 간성읍 건봉사로 330,강원특별자치도 고성군 간성읍 해상리 645번지,38.38732545,128.4149483,1.0,0,2019-07-08,2100-01-01,연중무휴,11:00,21:00,11:00,21:00,11:00,21:00,11:00,21:00,11:00,21:00,11:00,21:00,11:00,21:00,11:00,21:00,11:00,21:00,11:00,21:00,11:00,21:00,11:00,21:00,11:00,21:00,11:00,21:00,,강원특별자치도 고성군보건소,033-680-3954,2025-03-10,4341000,강원특별자치도 고성군
봉포리 상상마당1,99,강원특별자치도,고성군,,강원특별자치도 고성군 토성면 봉포리 290번지 4호,38.2544524,128.5629057,1.0,0,2020-04-29,2100-01-01,연중무휴,11:00,21:00,11:00,21:00,11:00,21:00,11:00,21:00,11:00,21:00,11:00,21:00,11:00,21:00,11:00,21:00,11:00,21:00,11:00,21:00,11:00,21:00,11:00,21:00,11:00,21:00,11:00,21:00,,강원특별자치도 고성군보건소,033-680-3954,2025-03-10,4341000,강원특별자치도 고성군
봉포리 상상마당2,99,강원특별자치도,고성군,,강원특별자치도 고성군 토성면 봉포리 290번지 1호,38.2602593,128.5413953,1.0,0,2020-06-05,2100-01-01,연중무휴,11:00,21:00,11:00,21:00,11:00,21:00,11:00,21:00,11:00,21:00,11:00,21:00,11:00,21:00,11:00,21:00,11:00,21:00,11:00,21:00,11:00,21:00,11:00,21:00,11:00,21:00,11:00,21:00,,강원특별자치도 고성군보건소,033-680-3954,2025-03-10,4341000,강원특별자치도 고성군
봉포리 상상마당3,99,강원특별자치도,고성군,,강원특별자치도 고성군 토성면 봉포리 290번지 7호,38.2603941,128.5408803,1.0,0,2020-06-15,2100-01-01,연중무휴,11:00,21:00,11:00,21:00,11:00,21:00,11:00,21:00,11:00,21:00,11:00,21:00,11:00,21:00,11:00,21:00,11:00,21:00,11:00,21:00,11:00,21:00,11:00,21:00,11:00,21:00,11:00,21:00,,강원특별자치도 고성군보건소,033-680-3954,2025-03-10,4341000,강원특별자치도 고성군
자수정동굴나라,1,울산광역시,울주군,울산광역시 울주군 삼남읍 자수정로 170,울산광역시 울주군 삼남읍 가천리 산 5-1,,,1.0,연 300000원,2022-01-03,2024-01-02,월+화+수+목+금,00:00,00:00,09:00,18:00,,,,,,,,,,,,,,,,,,,,,,,,,주류,울산광역시 울주군청,052-204-2225,2025-04-30,3730000,울산광역시 울주군
자수정동굴나라,1,울산광역시,울주군,울산광역시 울주군 상북면 자수정로 212,울산광역시 울주군 상북면 등억알프스리 산 177-2,,,1.0,연 600000000원,2023-06-30,2024-03-31,연중무휴,09:00,18:00,09:00,18:00,,,,,,,,,,,,,,,,,,,,,,,,,주류,울산광역시 울주군청,052-204-2225,2025-04-30,3730000,울산광역시 울주군
활옥관광농원,2,충청북도,충주시,충청북도 충주시 목벌안길 26 (목벌동),충청북도 충주시 목벌동 319-17,36.96283799,128.0070342,1.0,0,2024-07-10,9999-12-31,연중무휴,10:00,18:00,10:00,18:00,10:00,18:00,10:00,18:00,10:00,18:00,10:00,18:00,10:00,18:00,10:00,18:00,10:00,18:00,10:00,18:00,10:00,18:00,10:00,18:00,10:00,18:00,10:00,18:00,주류,충청북도 충주시청 위생과,043-850-3472,2025-05-31,4390000,충청북도 충주시
인천대학교 BTL생활원 부속시설,6,인천광역시,연수구,"인천광역시 연수구 아카데미로 119, 인천대학교 BTL생활원 부속시설",인천광역시 연수구 송도동12-1,37.37785571,126.6325053,1.0,0,2018-04-24,2026-02-01,토+일,10:00,19:00,00:00,00:00,,,,,,,,,,,,,,,,,,,,,,,,,,미래행복(주),032-556-4503,2025-03-31,3520000,인천광역시 연수구
솔밭마을아파트,6,인천광역시,연수구,"인천광역시 연수구 원인재로 232, 중앙통로변(101동에서 102동 사이)호 (연수동, 솔밭마을아파트)",인천광역시 연수구 연수동 582-2,37.41524121,126.689457,1.0,0,2024-02-15,2026-01-31,월+화+수+금+토+일,09:00,21:00,00:00,00:00,,,,,,,,,,,,,,,,,,,,,,,,,,솔밭마을관리사무소,032-813-1681,2025-03-31,3520000,인천광역시 연수구
솔밭마을아파트,6,인천광역시,연수구,"인천광역시 연수구 원인재로 232, 정문쪽 중앙통로변 102동과 103동 사이호 (연수동, 솔밭마을아파트)",인천광역시 연수구 연수동 582-2,37.41524121,126.689457,1.0,0,2024-03-21,2026-01-31,월+화+수+금+토+일,09:00,21:00,00:00,00:00,,,,,,,,,,,,,,,,,,,,,,,,,,솔밭마을관리사무소,032-813-1681,2025-03-31,3520000,인천광역시 연수구
솔밭마을아파트,6,인천광역시,연수구,"인천광역시 연수구 원인재로 232, 정문 중앙통로변 102동~103동 사이호 (연수동, 솔밭마을아파트)",인천광역시 연수구 연수동 582-2,37.41524121,126.689457,1.0,0,2024-03-21,2026-01-31,월+화+수+금+토+일,09:00,21:00,00:00,00:00,,,,,,,,,,,,,,,,,,,,,,,,,,솔밭마을관리사무소,032-813-1681,2025-03-31,3520000,인천광역시 연수구
솔밭마을아파트,6,인천광역시,연수구,"인천광역시 연수구 원인재로 232, 정문쪽 중앙통로변 국기계양대 부근호 (연수동, 솔밭마을아파트)",인천광역시 연수구 연수동 582-2,37.41524121,126.689457,1.0,0,2024-04-29,2026-01-31,월+화+수+금+토+일,09:00,21:00,00:00,00:00,,,,,,,,,,,,,,,,,,,,,,,,,,솔밭마을관리사무소,032-813-1681,2025-03-31,3520000,인천광역시 연수구
솔밭마을아파트,6,인천광역시,연수구,"인천광역시 연수구 원인재로 232, 정문쪽 중앙통로변 101동 옆호 (연수동, 솔밭마을아파트)",인천광역시 연수구 연수동 582-2,37.41524121,126.689457,1.0,0,2024-12-12,2026-01-31,월+화+수+금+토+일,09:00,21:00,00:00,00:00,,,,,,,,,,,,,,,,,,,,,,,,,,솔밭마을관리사무소,032-813-1681,2025-03-31,3520000,인천광역시 연수구
"주공1단지, 2단지아파트",6,인천광역시,연수구,"인천광역시 연수구 원인재로 315, 202동 옆호 (연수동, 주공1단지, 2단지아파트)",인천광역시 연수구 연수동 533,37.42132237,126.6908761,1.0,0,2024-07-11,2024-06-21,월+화+수+금+토+일,09:00,21:00,00:00,00:00,,,,,,,,,,,,,,,,,,,,,,,,,,주공2차관리사무소,032-811-1112,2025-03-31,3520000,인천광역시 연수구
"주공1단지, 2단지아파트",6,인천광역시,연수구,"인천광역시 연수구 원인재로 315 (연수동, 주공1단지, 2단지아파트)",인천광역시 연수구 연수동 533,37.42132237,126.6908761,1.0,0,2024-10-31,2025-06-24,월+화+수+금+토+일,09:00,21:00,00:00,00:00,,,,,,,,,,,,,,,,,,,,,,,,,,주공2차관리사무소,032-811-1112,2025-03-31,3520000,인천광역시 연수구
포천한탄강하늘다리,2,경기도,포천시,,경기도 포천시 영북면 대회산리 376,,127.2193007,8.0,별도계약,2019-08-02,2022-08-02,연중무휴,10:00,19:00,10:00,19:00,,,,,,,,,,,,,,,,,,,,,,,,,,경기도 포천시청,031-538-3630,2024-11-14,5600000,경기도 포천시
포천백운계곡,2,경기도,포천시,,경기도 포천시 이동면 도평리 720,38.08091795,127.4213071,7.0,별도계약,2020-07-24,2022-07-24,연중무휴,10:00,19:00,10:00,19:00,,,,,,,,,,,,,,,,,,,,,,,,,,경기도 포천시청,031-538-3630,2024-11-14,5600000,경기도 포천시
경기도의료원포천병원,99,경기도,포천시,,경기도 포천시 신읍동 243-1,37.90314867,127.1974831,1.0,별도계약,2020-09-16,2022-09-16,연중무휴,10:00,19:00,10:00,19:00,,,,,,,,,,,,,,,,,,,,,,,,,,경기도 포천시청,031-538-3630,2024-11-14,5600000,경기도 포천시
포천힐스,3,경기도,포천시,,경기도 포천시 군내면 상성북리 34-1,37.88641104,127.2307107,1.0,별도계약,2020-07-09,2022-07-09,연중무휴,10:00,19:00,10:00,19:00,,,,,,,,,,,,,,,,,,,,,,,,,,경기도 포천시청,031-538-3630,2024-11-14,5600000,경기도 포천시
청성역사공원 지역,4,경기도,포천시,,경기도 포천시 군내면 하성북리 637-5,37.89258618,127.2100974,1.0,별도계약,2021-01-29,2023-01-29,연중무휴,10:00,19:00,10:00,19:00,,,,,,,,,,,,,,,,,,,,,,,,,,경기도 포천시청,031-538-3630,2024-11-14,5600000,경기도 포천시
베어스타운,3,경기도,포천시,경기도 포천시 내촌면 금강로2536번길 27,경기도 포천시 내촌면 소학리 274,37.79991851,127.2451998,1.0,별도계약,2021-12-10,2023-12-10,연중무휴,10:00,19:00,10:00,19:00,,,,,,,,,,,,,,,,,,,,,,,,,,경기도 포천시청,031-538-3630,2024-11-14,5600000,경기도 포천시
장애인복지관 주차장,99,전라북도,고창군,"전라북도 고창군 고창읍 전봉준로 88-9, 고창군장애인복지관 주차장",전라북도 고창군 고창읍 율계리 113,,,1.0,0,2022-10-04,2023-07-31,연중무휴,09:00,18:00,09:00,18:00,,,,,,,,,,,,,,,,,,,,,,,,,,전라북도 고창군,063-560-2887,2023-01-20,4781000,전북특별자치도 고창군
영상강문화공원,4,전라남도,담양군,,전라남도 담양군 담양읍 향교리 271-8,35.32520546,126.987889,2.0,월 338080원,2020-04-20,2022-04-19,연중무휴,10:00,19:00,10:00,19:00,,,,,,,10:00,19:00,10:00,19:00,10:00,19:00,10:00,19:00,10:00,19:00,10:00,19:00,10:00,19:00,10:00,19:00,10:00,19:00,,전라남도 담양군청,061-380-3308,2022-09-30,4850000,전라남도 담양군
황산공원(황산A),5,경상남도,양산시,,경상남도 양산시 물금읍 물금리 640-12,35.31044067,128.9780632,1.0,공시지가(원) × 면적 × 1(년) × 0.015,2021-01-01,2025-12-31,연중무휴,09:00,19:00,09:00,19:00,,,,,,,,,,,,,,,,,,,,,,,,,,경상남도 양산시,055-392-2823,2025-01-02,5380000,경상남도 양산시
황산공원(황산B),5,경상남도,양산시,,경상남도 양산시 물금읍 물금리 214,35.29808334,128.9895415,1.0,공시지가(원) × 면적 × 1(년) × 0.015,2021-01-01,2025-12-31,연중무휴,09:00,19:00,09:00,19:00,,,,,,,,,,,,,,,,,,,,,,,,,,경상남도 양산시,055-392-2823,2025-01-02,5380000,경상남도 양산시
황산공원(황산C),5,경상남도,양산시,,경상남도 양산시 물금읍 물금리 171-4,35.30173083,128.9895949,1.0,공시지가(원) × 면적 × 1(년) × 0.015,2021-08-01,2025-12-31,연중무휴,09:00,19:00,09:00,19:00,,,,,,,,,,,,,,,,,,,,,,,,,,경상남도 양산시,055-392-2823,2025-01-02,5380000,경상남도 양산시
봉평전통시장,99,강원특별자치도,평창군,강원특별자치도 평창군 봉평면 허생원장터길 15,강원특별자치도 평창군 봉평면 창동리 397-34,37.61559178,128.3772803,,0,2020-04-24,2030-12-31,2일+7일+12일+17일+22일+27일,09:00,19:00,09:00,19:00,09:00,19:00,09:00,19:00,09:00,19:00,09:00,19:00,09:00,19:00,09:00,19:00,09:00,19:00,09:00,19:00,09:00,19:00,09:00,19:00,09:00,19:00,09:00,19:00,주류,강원특별자치도 평창군청,033-330-2314,2025-06-20,4281000,강원특별자치도 평창군
알펜시아 리조트,2,강원특별자치도,평창군,강원특별자치도 평창군 대관령면 솔봉로 325,강원특별자치도 평창군 대관령면 용산리 425,37.65925417,128.6840107,,0,2019-05-01,2030-12-31,연중무휴,09:00,19:00,09:00,19:00,09:00,19:00,09:00,19:00,09:00,19:00,09:00,19:00,09:00,19:00,09:00,19:00,09:00,19:00,09:00,19:00,09:00,19:00,09:00,19:00,09:00,19:00,09:00,19:00,주류,강원특별자치도 평창군청,033-330-2314,2025-06-20,4281000,강원특별자치도 평창군
용평리조트,2,강원특별자치도,평창군,강원특별자치도 평창군 대관령면 올림픽로 715,강원특별자치도 평창군 대관령면 용산리 130,37.65094444,128.7055569,,0,2019-05-01,2030-12-31,연중무휴,09:00,19:00,09:00,19:00,09:00,19:00,09:00,19:00,09:00,19:00,09:00,19:00,09:00,19:00,09:00,19:00,09:00,19:00,09:00,19:00,09:00,19:00,09:00,19:00,09:00,19:00,09:00,19:00,주류,강원특별자치도 평창군청,033-330-2314,2025-06-20,4281000,강원특별자치도 평창군
영월맨션아파트,99,강원특별자치도,영월군,강원특별자치도 영월군 영월읍 하송안길 89,,,,,0,2020-06-27,2020-07-18,연중무휴,09:00,18:00,09:00,18:00,,,,,,,,,,,,,,,,,,,,,,,,,,강원특별자치도 영월군청,033-370-2390,2024-11-12,4271000,강원특별자치도 영월군
히어리캠핑장펜션,2,강원특별자치도,영월군,강원특별자치도 영월군 김삿갓면 김삿갓로 587-6,,,,,0,2021-06-03,2022-05-31,연중무휴,09:00,18:00,09:00,18:00,,,,,,,,,,,,,,,,,,,,,,,,,,강원특별자치도 영월군청,033-370-2390,2024-11-12,4271000,강원특별자치도 영월군
북서울꿈의숲,4,서울특별시,강북구,서울특별시 강북구 월계로173,서울특별시 강북구 번동 83-2,37.62025563,127.0443254,0.0,연 19810원,2021-11-02,2022-11-02,일요일,00:00,23:59,00:00,23:59,00:00,23:59,00:00,23:59,00:00,23:59,00:00,23:59,00:00,23:59,00:00,23:59,00:00,23:09,00:00,23:59,00:00,23:59,00:00,23:59,00:00,23:59,,,,북서울꿈의숲,02-2289-4011,2024-09-13,3080000,서울특별시 강북구
블루로드다리입구,99,경상북도,영덕군,,경상북도 영덕군 축산면 축산리 944-7,,,1.0,0,2024-01-02,2024-10-31,연중무휴,09:00,18:00,09:00,18:00,09:00,18:00,09:00,18:00,09:00,18:00,09:00,18:00,09:00,18:00,09:00,18:00,09:00,18:00,09:00,18:00,09:00,18:00,09:00,18:00,09:00,18:00,09:00,18:00,주류,경상북도영덕군청,054-730-6173,2024-08-12,5180000,경상북도 영덕군
장사해수욕장,2,경상북도,영덕군,,경상북도 영덕군 남정면 장사리 74-2,,,1.0,0,2023-07-19,2025-07-13,연중무휴,09:00,18:00,09:00,18:00,09:00,18:00,09:00,18:00,09:00,18:00,09:00,18:00,09:00,18:00,09:00,18:00,09:00,18:00,09:00,18:00,09:00,18:00,09:00,18:00,09:00,18:00,09:00,18:00,주류,경상북도영덕군청,054-730-6173,2024-08-12,5180000,경상북도 영덕군
달산옥계유원지,1,경상북도,영덕군,,경상북도 영덕군 달산면 옥산리 529-4,,,1.0,0,2023-06-29,2025-06-23,연중무휴,09:00,18:00,09:00,18:00,09:00,18:00,09:00,18:00,09:00,18:00,09:00,18:00,09:00,18:00,09:00,18:00,09:00,18:00,09:00,18:00,09:00,18:00,09:00,18:00,09:00,18:00,09:00,18:00,주류,경상북도영덕군청,054-730-6173,2024-08-12,5180000,경상북도 영덕군
북천 레일바이크 역사,99,경상남도,하동군,경상남도 하동군 북천면 경서대로 2446-4,경상남도 하동군 북천면 직전리 586-3,35.11344113,127.8928002,1.0,382210,2024-03-16,2025-04-23,연중무휴,09:00,18:00,09:00,18:00,09:00,18:00,09:00,18:00,09:00,18:00,09:00,18:00,09:00,18:00,09:00,18:00,09:00,18:00,09:00,18:00,09:00,18:00,09:00,18:00,09:00,18:00,09:00,18:00,주류,경상남도 하동군청,055-880-2355,2024-08-09,5440000,경상남도 하동군
하동군 공설운동장 주차장,99,경상남도,하동군,"경상남도 하동군 적량면 공설운동장로 207, 주차장부지","경상남도 하동군 적량면 고절리 1209-1, 주차장 부지",35.0638629699,127.7775406834,1.0,0,2024-04-30,2026-04-29,연중무휴,09:00,18:00,09:00,18:00,09:00,18:00,09:00,18:00,09:00,18:00,09:00,18:00,09:00,18:00,09:00,18:00,09:00,18:00,09:00,18:00,09:00,18:00,09:00,18:00,09:00,18:00,09:00,18:00,주류,경상남도 하동군청,055-880-2355,2024-08-09,5440000,경상남도 하동군
대덕구노인종합복지회관,8,대전광역시,대덕구,대전광역시 대덕구 계족로740번길 80 (읍내동),,,,,0,2020-02-06,2020-12-31,토요일+일요일+공휴일,10:30,14:30,12:00,12:00,,,,,,,,,,,,,,,,,,,,,,,,,,대전광역시 대덕구,042-608-6893,2024-07-31,3680000,대전광역시 대덕구
신대노인종합복지관,8,대전광역시,대덕구,대전광역시 대덕구 회덕로22번길 5 (신대동),,,,,0,2020-02-06,2020-12-31,토요일+일요일+공휴일,10:30,14:30,12:00,12:00,,,,,,,,,,,,,,,,,,,,,,,,,,대전광역시 대덕구,042-608-6893,2024-07-31,3680000,대전광역시 대덕구
신탄진 졸음쉼터,7,대전광역시,대덕구,,대전광역시 대덕구 상서동 산 66-11,,,,0,2020-04-01,2021-03-31,연중무휴,08:00,19:00,08:00,19:00,,,,,,,,,,,,,,,,,,,,,,,,,,대전광역시 대덕구,042-608-6893,2024-07-31,3680000,대전광역시 대덕구
삼성현역사문화공원,1,경상북도,경산시,경상북도 경산시 남산면 삼성현공원로 59,,35.80168834,128.7966117,1.0,1년 50000원,2019-10-27,2023-10-26,"주말, 휴일 주로 운영 평일은 행시간 위주 운영",11:00,19:00,11:00,19:00,11:00,19:00,11:00,19:00,11:00,19:00,11:00,19:00,11:00,19:00,11:00,19:00,11:00,19:00,11:00,19:00,11:00,19:00,11:00,19:00,11:00,19:00,11:00,19:00,,경상북도 경산시 허가과,053-810-5705,2024-08-08,5130000,경상북도 경산시
용성면 미산리 187-5,99,경상북도,경산시,,경상북도 경산시 용성면 미산리 187-5,,,1.0,1달 100000원,2021-08-17,2026-08-17,1개월 내 3~4일 비정기적 휴무,11:00,22:00,11:00,22:00,11:00,22:00,11:00,22:00,11:00,22:00,11:00,22:00,11:00,22:00,11:00,22:00,11:00,22:00,11:00,22:00,11:00,22:00,11:00,22:00,11:00,22:00,11:00,22:00,,경상북도 경산시 허가과,053-810-5705,2024-08-08,5130000,경상북도 경산시
힐스테이트,99,경기도,이천시,"경기도 이천시 향교로 168 (갈산동, 힐스테이트)",경기도 이천시 갈산동 781,37.2838729248,127.4557460937,1.0,0,2024-10-11,2024-10-11,연중무휴,09:00,20:00,09:00,20:00,09:00,20:00,09:00,20:00,09:00,20:00,09:00,20:00,09:00,20:00,09:00,20:00,09:00,20:00,09:00,20:00,09:00,20:00,09:00,20:00,09:00,20:00,09:00,20:00,,경기도 이천시청,031-645-3467,2025-01-21,4070000,경기도 이천시
가야진사공원(원동A),5,경상남도,양산시,,경상남도 양산시 원동면 용당리 566,35.36836202,128.9043933,1.0,공시지가(원) × 면적 × 1(년) × 0.015,2021-01-01,2025-12-31,연중무휴,09:00,19:00,09:00,19:00,,,,,,,,,,,,,,,,,,,,,,,,,,경상남도 양산시,055-392-2823,2025-01-02,5380000,경상남도 양산시
서룡공원(서룡A),5,경상남도,양산시,,경상남도 양산시 원동면 서룡리 586-3,35.33737212,128.9569286,1.0,공시지가(원) × 면적 × 1(년) × 0.015,2021-01-01,2025-12-31,연중무휴,09:00,19:00,09:00,19:00,,,,,,,,,,,,,,,,,,,,,,,,,,경상남도 양산시,055-392-2823,2025-01-02,5380000,경상남도 양산시
서룡공원(서룡B),5,경상남도,양산시,,경상남도 양산시 원동면 서룡리 586-3,35.33737212,128.9569286,1.0,공시지가(원) × 면적 × 1(년) × 0.015,2021-01-01,2025-12-31,연중무휴,09:00,19:00,09:00,19:00,,,,,,,,,,,,,,,,,,,,,,,,,,경상남도 양산시,055-392-2823,2025-01-02,5380000,경상남도 양산시
입곡군립공원 아라힐링카페,2,경상남도,함안군,,경상남도 함안군 산인면 입곡리 1310,,,1.0,2460원/연,2018-11-14,2024-11-13,연중무휴,09:00,18:00,09:00,18:00,09:00,18:00,09:00,18:00,09:00,18:00,09:00,18:00,09:00,18:00,09:00,18:00,09:00,18:00,09:00,18:00,09:00,18:00,09:00,18:00,09:00,18:00,09:00,18:00,주류+담배,경상남도 함안군,055-580-3424,2024-11-07,5400000,경상남도 함안군
악양생태공원,4,경상남도,함안군,,경상남도 함안군 대산면 하기리 806,,,1.0,1940원/연,2018-12-06,2024-12-05,성수기 외 휴무,09:00,18:00,09:00,18:00,09:00,18:00,09:00,18:00,09:00,18:00,09:00,18:00,09:00,18:00,09:00,18:00,09:00,18:00,09:00,18:00,09:00,18:00,09:00,18:00,09:00,18:00,09:00,18:00,주류+담배,경상남도 함안군,055-580-3433,2024-11-07,5400000,경상남도 함안군
김포아트빌리지 한옥마을,2,경기도,김포시,경기도 김포시 모담공원로 170-12,경기도 김포시 운양동 1325-10,37.6451012654,126.6946855534,1.0,0,2024-07-25,2024-11-30,"주말 및 공휴일, 한옥마을 행사시만 운영",10:00,19:00,10:00,19:00,,,,,,,,,,,,,,,,,,,,,,,,,주류,경기도 김포시청,031-980-2236,2024-09-02,4090000,경기도 김포시
북구청광장,8,대구광역시,북구,대구광역시 북구 옥산로 65(침산동),대구광역시 북구 침산동 447-16,35.8856842975,128.5827801617,1.0,0,2017-10-13,2017-10-13,비정기적+우천시휴무,00:00,23:59,00:00,23:59,,,,,,,,,,,,,,,,,,,,,,,,,,대구광역시 북구청 위생과,053-665-2754,2024-09-19,3450000,대구광역시 북구
검단파크골프장,3,대구광역시,북구,,대구광역시 북구 검단동 277,35.9245994628,128.6206696208,1.0,연 234550원,2021-07-01,2023-06-30,비정기적+우천시휴무,09:00,18:00,09:00,18:00,,,,,,,,,,,,,,,,,,,,,,,,,,대구광역시 북구청 위생과,053-665-2754,2024-09-19,3450000,대구광역시 북구
DGB대구은행파크,99,대구광역시,북구,"대구광역시 북구 고성로 191, DGB대구은행파크 (고성동3가)",대구광역시 북구 고성동3가 2,35.8830193455,128.5861543004,1.0,0,2022-08-12,2022-08-27,비정기적,00:00,23:59,00:00,23:59,,,,,,,,,,,,,,,,,,,,,,,,,,대구광역시 북구청 위생과,053-665-2754,2024-09-19,3450000,대구광역시 북구
산격야영장,3,대구광역시,북구,,대구광역시 북구 산격동 1477-1 (금호강 산격대교 둔치),35.9094301127,128.6039524306,1.0,0,2023-09-11,2023-09-17,비정기적,00:00,23:59,00:00,23:59,,,,,,,,,,,,,,,,,,,,,,,,,,대구광역시 북구청 위생과,053-665-2754,2024-09-19,3450000,대구광역시 북구
대구전시컨벤션센터(서관),99,대구광역시,북구,"대구광역시 북구 엑스코로 10, 대구전시컨벤션센터 서관 (산격동)",대구광역시 북구 산격동 1676 대구전시컨벤션센터,35.9070152,128.6130738605,1.0,0,2023-05-25,2023-05-28,비정기적,00:00,23:59,00:00,23:59,,,,,,,,,,,,,,,,,,,,,,,,,,대구광역시 북구청 위생과,053-665-2754,2024-09-19,3450000,대구광역시 북구
하중도물놀이장,3,대구광역시,북구,,대구광역시 북구 노곡동 982,35.9021191,128.5674044,1.0,0,2023-07-05,2023-08-20,비정기적,00:00,23:59,00:00,23:59,,,,,,,,,,,,,,,,,,,,,,,,,,대구광역시 북구청 위생과,053-665-2754,2024-09-19,3450000,대구광역시 북구
대구전시컨벤션센터(동관),99,대구광역시,북구,"대구광역시 북구 유통단지로 110, 동관 (산격동)",대구광역시 북구 산격동 1686,35.9080405,128.6149198,1.0,0,2024-08-07,2024-08-31,비정기적,00:00,23:59,00:00,23:59,,,,,,,,,,,,,,,,,,,,,,,,,,대구광역시 북구청 위생과,053-665-2754,2024-09-19,3450000,대구광역시 북구
성주지역자활센터카페위드,99,경상북도,성주군,경상북도 성주군 성주읍 주산로 5,경상북도 성주군 성주읍 예산리 305-1,35.9234382,128.2902432,1.0,0,2021-06-01,2025-05-31,토요일+일요일+공휴일,09:00,18:00,00:00,00:00,,,,,,,,,,,,,,,,,,,,,,,,,없음,경상북도 성주군,054-930-6723,2024-08-06,5210000,경상북도 성주군
안양종합운동장,08,경기도,안양시,경기도 안양시 동안구 평촌대로 389,경기도 안양시 동안구 비산동 1023,,,,매출액 15퍼센트(VAT별도),2022-02-19,2022-10-15,토+일,09:00,18:00,00:00,00:00,,,,,,,,,,,,,,,,,,,,,,,,,,경기도 안양시청,031-8045-4313,2024-12-02,3830000,경기도 안양시
은하수 한양아파트,99,경기도,안양시,경기도 안양시 동안구 동안로159번길 14 (비산동 은하수한양아파트),,,,,아파트 내부 규정,2022-05-23,2023-11-07,화+수+목+금+토+일,09:00,20:00,00:00,00:00,,,,,,,,,,,,,,,,,,,,,,,,,,경기도 안양시청,031-8045-4313,2024-12-02,3830000,경기도 안양시
삼성래미안아파트,99,경기도,안양시,경기도 안양시 만안구 안양천서로 311(안양동 삼성래미안아파트),,,,,아파트 내부 규정,2018-09-13,2020-09-12,월+수+목+금+토+일,09:00,20:00,00:00,00:00,,,,,,,,,,,,,,,,,,,,,,,,,,경기도 안양시청,031-8045-3323,2024-12-02,3830000,경기도 안양시
한라비발디아파트,99,경기도,안양시,경기도 안양시 만안구 박달로 453 (박달동 한라비발디아파트),,,,,아파트 내부 규정,2020-08-21,2021-04-11,월+화+수+금+토+일,09:00,20:00,00:00,00:00,,,,,,,,,,,,,,,,,,,,,,,,,,경기도 안양시청,031-8045-3323,2024-12-02,3830000,경기도 안양시
금산군푸드트럭존,99,충청남도,금산군,충청남도 금산군 금산읍 금산로 1559,충청남도 금산군 금산읍 중도리 203-1,36.11206754,127.4916373,1.0,년 618700원,2017-03-17,2025-05-10,연중무휴,10:00,20:00,10:00,20:00,13:00,17:00,13:00,17:00,13:00,17:00,10:00,20:00,10:00,20:00,10:00,20:00,10:00,20:00,10:00,20:00,10:00,20:00,10:00,20:00,13:00,17:00,13:00,17:00,없음,충청남도 금산군,041-750-3484,2024-11-26,4550000,충청남도 금산군
테헤란로83길,99,서울특별시,강남구,서울특별시 강남구 테헤란로83길 12,서울특별시 강남구 삼성동 158-5,37.50819572,127.0579438,1.0,1010570,2020-03-23,2023-12-31,연중무휴,11:30,22:00,11:30,22:00,11:30,22:00,11:30,22:00,11:30,22:00,11:30,22:00,11:30,22:00,11:30,22:00,11:30,22:00,11:30,22:00,11:30,22:00,11:30,22:00,11:30,22:00,11:30,22:00,,서울특별시 강남구청,02-3423-6532,2024-11-24,3220000,서울특별시 강남구
상록회관 뒷편,99,서울특별시,강남구,서울특별시 강남구 언주로 508,서울특별시 강남구 역삼동 701,37.50396606,127.0429099,3.0,4866510,2020-03-23,2023-12-31,연중무휴,11:30,22:00,11:30,22:00,11:30,22:00,11:30,22:00,11:30,22:00,11:30,22:00,11:30,22:00,11:30,22:00,11:30,22:00,11:30,22:00,11:30,22:00,11:30,22:00,11:30,22:00,11:30,22:00,,서울특별시 강남구청,02-3423-6532,2024-11-24,3220000,서울특별시 강남구
테헤란로202,99,서울특별시,강남구,서울특별시 강남구 테헤란로 202,서울특별시 강남구 역삼동 717,37.50041013,127.0379834,1.0,2203520,2020-03-23,2023-12-31,연중무휴,11:30,22:00,11:30,22:00,11:30,22:00,11:30,22:00,11:30,22:00,11:30,22:00,11:30,22:00,11:30,22:00,11:30,22:00,11:30,22:00,11:30,22:00,11:30,22:00,11:30,22:00,11:30,22:00,,서울특별시 강남구청,02-3423-6532,2024-11-24,3220000,서울특별시 강남구
테헤란로152,99,서울특별시,강남구,서울특별시 강남구 테헤란로 152,서울특별시 강남구 역삼동 737,37.50002424,127.0365086,1.0,2203520,2020-03-20,2023-12-31,연중무휴,11:30,22:00,11:30,22:00,11:30,22:00,11:30,22:00,11:30,22:00,11:30,22:00,11:30,22:00,11:30,22:00,11:30,22:00,11:30,22:00,11:30,22:00,11:30,22:00,11:30,22:00,11:30,22:00,,서울특별시 강남구청,02-3423-6532,2024-11-24,3220000,서울특별시 강남구
압구정로,99,서울특별시,강남구,서울특별시 강남구 압구정로32길 38,서울특별시 강남구 신사동 604,37.52538646,127.0296223,1.0,210100,2021-05-17,2023-12-31,연중무휴,11:30,22:00,11:30,22:00,11:30,22:00,11:30,22:00,11:30,22:00,11:30,22:00,11:30,22:00,11:30,22:00,11:30,22:00,11:30,22:00,11:30,22:00,11:30,22:00,11:30,22:00,11:30,22:00,,서울특별시 강남구청,02-3423-6532,2024-11-24,3220000,서울특별시 강남구
테헤란로64길,99,서울특별시,강남구,서울특별시 강남구 테헤란로64길 19,서울특별시 강남구 대치동 890-57,37.50377347,127.0518024,1.0,609020,2022-02-15,2023-12-31,연중무휴,11:30,22:00,11:30,22:00,11:30,22:00,11:30,22:00,11:30,22:00,11:30,22:00,11:30,22:00,11:30,22:00,11:30,22:00,11:30,22:00,11:30,22:00,11:30,22:00,11:30,22:00,11:30,22:00,,서울특별시 강남구청,02-3423-6532,2024-11-24,3220000,서울특별시 강남구
재궁치안센터,99,경기도,군포시,경기도 군포시 오금로 77,경기도 군포시 금정동 872-4,37.35560575,126.9356949,1.0,연 562140원,2020-12-23,2021-02-21,연중무휴,00:00,23:59,00:00,23:59,,,,,,,,,,,,,,,,,,,,,,,,,,경기도 군포시청,031-390-0534,2024-11-21,4020000,경기도 군포시
상무시민공원,4,광주광역시,서구,광주광역시 서구 상무공원로 101,광주광역시 서구 치평동 1162,35.15339511,126.8410975,1.0,연 186910,2023-10-01,2025-09-30,연중무휴,10:00,19:00,10:00,19:00,10:00,17:00,10:00,17:00,10:00,19:00,10:00,19:00,10:00,19:00,10:00,21:00,10:00,21:00,10:00,21:00,10:00,21:00,10:00,19:00,10:00,17:00,10:00,17:00,영업신고 외 품목 판매금지,광주광역시 서구청,062-350-4938,2024-11-20,3600000,광주광역시 서구
용문정 앞,99,경상남도,합천군,,경상남도 합천군 용주면 가호리 1155,35.541639,128.062704,1.0,0,2024-08-01,2028-07-30,연중무휴,00:00,23:59,00:00,23:59,,,,,,,,,,,,,,,,,,,,,,,,,,경상남도 합천군청,055-930-3317,2024-10-07,5480000,경상남도 합천군
의성조문국사적지,04,경상북도,의성군,,경상북도 의성군 금성면 대리리 377 - 2,36.2739594,128.6769328,1.0,23570원/년(번호2-5),2021-12-10,2024-12-09,연중무휴,00:00,23:59,00:00,23:59,00:00,23:59,00:00,23:59,00:00,23:59,00:00,23:59,00:00,23:59,00:00,23:59,00:00,23:59,00:00,23:59,00:00,23:59,00:00,23:59,00:00,23:59,00:00,23:59,,경상북도 의성군 보건소,054-830-6243,2024-10-04,5150000,경상북도 의성군
김포솔터축구장,3,경기도,김포시,경기도 김포시 김포한강3로 385,경기도 김포시 마산동 642-1,37.6405997955,126.6482893884,1.0,0,2024-05-21,2024-12-01,김포FC 홈경기 시만 운영 가능,17:00,22:00,17:00,22:00,,,,,,,,,,,,,,,,,,,,,,,,,주류,경기도 김포시청,031-980-2237,2024-09-02,4090000,경기도 김포시
김포솔터축구장,3,경기도,김포시,경기도 김포시 김포한강3로 385,경기도 김포시 마산동 642-1,37.6405997955,126.6482893884,1.0,0,2024-08-26,2024-12-01,김포FC 홈경기 시만 운영 가능,17:00,22:00,17:00,22:00,,,,,,,,,,,,,,,,,,,,,,,,,주류,경기도 김포시청,031-980-2237,2024-09-02,4090000,경기도 김포시
독봉산웰빙공원,4,경상남도,거제시,,경상남도 거제시 상동동 1005-12,34.87748269,128.6331439,1.0,122950,2023-04-03,2026-04-02,사정에 따라 다름,00:00,23:59,00:00,23:59,09:00,18:00,09:00,18:00,09:00,18:00,09:00,18:00,09:00,18:00,09:00,18:00,09:00,18:00,09:00,18:00,09:00,18:00,09:00,18:00,09:00,18:00,09:00,18:00,식품위생법 시행령 제21조제8호 가목의 휴게음식점 영업 또는 같은 호 바목의 제과점영업을 제외한 업종,경상남도 거제시청,055-639-3985,2024-07-15,5370000,경상남도 거제시
신한아파트,99,경기도,이천시,"경기도 이천시 갈산로 42, 108동 앞호 (증포동, 신한아파트)",경기도 이천시 증포동 94-3 신한아파트,37.28810181,127.456802,1.0,0,2022-10-14,2023-10-06,연중무휴,09:00,20:00,09:00,20:00,09:00,20:00,09:00,20:00,09:00,20:00,09:00,20:00,09:00,20:00,09:00,20:00,09:00,20:00,09:00,20:00,09:00,20:00,09:00,20:00,09:00,20:00,09:00,20:00,,경기도 이천시청,031-645-3467,2025-01-21,4070000,경기도 이천시
센트럴 푸르지오,99,경기도,이천시,"경기도 이천시 갈산로 60 (증포동, 센트럴 푸르지오)",경기도 이천시 증포동 486 센트럴 푸르지오,37.28879912,127.4591753,1.0,0,2023-01-11,2023-12-31,연중무휴,09:00,20:00,09:00,20:00,09:00,20:00,09:00,20:00,09:00,20:00,09:00,20:00,09:00,20:00,09:00,20:00,09:00,20:00,09:00,20:00,09:00,20:00,09:00,20:00,09:00,20:00,09:00,20:00,,경기도 이천시청,031-645-3467,2025-01-21,4070000,경기도 이천시
진우아파트,99,경기도,이천시,"경기도 이천시 부발읍 경충대로 2212, (진우아파트)",경기도 이천시 부발읍 신하리 365,37.25959593,127.4808506,1.0,0,2023-12-20,2024-12-20,연중무휴,09:00,20:00,09:00,20:00,09:00,20:00,09:00,20:00,09:00,20:00,09:00,20:00,09:00,20:00,09:00,20:00,09:00,20:00,09:00,20:00,09:00,20:00,09:00,20:00,09:00,20:00,09:00,20:00,,경기도 이천시청,031-645-3467,2025-01-21,4070000,경기도 이천시
라온프라이빗,99,경기도,이천시,"경기도 이천시 증신로325번길 39 (송정동, 이천 라온프라이빗)",경기도 이천시 송정동 450,37.2989764166,127.435776,1.0,0,2024-06-25,2024-06-25,연중무휴,09:00,20:00,09:00,20:00,09:00,20:00,09:00,20:00,09:00,20:00,09:00,20:00,09:00,20:00,09:00,20:00,09:00,20:00,09:00,20:00,09:00,20:00,09:00,20:00,09:00,20:00,09:00,20:00,,경기도 이천시청,031-645-3467,2025-01-21,4070000,경기도 이천시
예산황새공원 주차장,02,충청남도,예산군,충청남도 예산군 광시면 시목대리길 62-19,충청남도 예산군 광시면 대리 312-15,36.5426278,126.8022435,,0,2019-06-17,2099-12-31,연중무휴,00:00,23:59,00:00,23:59,,,,,,,,,,,,,,,,,,,,,,,,,,충청남도 예산군,041-339-7482,2024-11-08,4610000,충청남도 예산군
입곡군립공원 주차장,2,경상남도,함안군,,경상남도 함안군 산인면 입곡리 1181,,,1.0,7970원/연,2023-02-06,2028-02-05,연중무휴,09:00,18:00,09:00,18:00,09:00,18:00,09:00,18:00,09:00,18:00,09:00,18:00,09:00,18:00,09:00,18:00,09:00,18:00,09:00,18:00,09:00,18:00,09:00,18:00,09:00,18:00,09:00,18:00,주류+담배,경상남도 함안군,055-580-3424,2024-11-07,5400000,경상남도 함안군
백석그린빌2차아파트내 장터,99,충청남도,천안시,"충청남도 천안시 서북구 백석3로 91, 1층 (백석동, 백석그린빌2차아파트)",충청남도 천안시 서북구 백석동 890 백석그린빌2차아파트,,,2.0,아파트관리소 별도 문의,2022-11-02,2024-02-28,목,09:00,21:00,00:00,00:00,09:00,21:00,09:00,21:00,09:00,21:00,09:00,21:00,09:00,21:00,09:00,21:00,09:00,21:00,09:00,21:00,09:00,21:00,09:00,21:00,09:00,21:00,09:00,21:00,주류,충청남도 천안시 서북구청 환경위생과,041-521-6322,2023-06-30,4490000,충청남도 천안시
e편한세상 스마일시티 2차아파트내 장터,99,충청남도,천안시,"충청남도 천안시 서북구 스마일시티2로 2, 1층 (차암동, e편한세상 스마일시티 2차)",충청남도 천안시 서북구 차암동 543 e편한세상 스마일시티 2차,,,1.0,아파트관리소 별도 문의,2022-11-07,2023-08-16,목,09:00,20:00,00:00,00:00,09:00,20:00,09:00,20:00,09:00,20:00,09:00,20:00,09:00,20:00,09:00,20:00,09:00,20:00,09:00,20:00,09:00,20:00,09:00,20:00,09:00,20:00,09:00,20:00,주류,충청남도 천안시 서북구청 환경위생과,041-521-6322,2023-06-30,4490000,충청남도 천안시
두정역 효성해링턴 플레이스아파트내 장터,99,충청남도,천안시,"충청남도 천안시 서북구 봉정로 324 (두정동, 두정역 효성해링턴 플레이스)",충청남도 천안시 서북구 두정동 2078 두정역 효성해링턴 플레이스,,,6.0,아파트관리소 별도 문의,2023-02-03,2023-12-31,금,09:00,20:00,00:00,00:00,09:00,20:00,09:00,20:00,09:00,20:00,09:00,20:00,09:00,20:00,09:00,20:00,09:00,20:00,09:00,20:00,09:00,20:00,09:00,20:00,09:00,20:00,09:00,20:00,주류,충청남도 천안시 서북구청 환경위생과,041-521-6322,2023-06-30,4490000,충청남도 천안시
한성필하우스1차아파트내 장터,99,충청남도,천안시,"충청남도 천안시 서북구 부성6길 11 (두정동, 한성필하우스1차아파트)",충청남도 천안시 서북구 두정동 1000 한성필하우스1차아파트,,,1.0,아파트관리소 별도 문의,2023-03-22,2024-02-28,월,09:00,20:00,00:00,00:00,09:00,20:00,09:00,20:00,09:00,20:00,09:00,20:00,09:00,20:00,09:00,20:00,09:00,20:00,09:00,20:00,09:00,20:00,09:00,20:00,09:00,20:00,09:00,20:00,주류,충청남도 천안시 서북구청 환경위생과,041-521-6322,2023-06-30,4490000,충청남도 천안시
천안시티자이아파트내 장터,99,충청남도,천안시,"충청남도 천안시 서북구 성성6로 21 (성성동, 천안시티자이)",충청남도 천안시 서북구 성성동 827 천안시티자이,,,1.0,아파트관리소 별도 문의,2023-06-14,2023-12-20,수,09:00,20:00,00:00,00:00,09:00,20:00,09:00,20:00,09:00,20:00,09:00,20:00,09:00,20:00,09:00,20:00,09:00,20:00,09:00,20:00,09:00,20:00,09:00,20:00,09:00,20:00,09:00,20:00,주류,충청남도 천안시 서북구청 환경위생과,041-521-6322,2023-06-30,4490000,충청남도 천안시
천안레이크타운2차 푸르지오아파트내 장터,99,충청남도,천안시,"충청남도 천안시 서북구 성성9로 14 (성성동, 천안레이크타운2차 푸르지오)",충청남도 천안시 서북구 성성동 697 천안레이크타운2차 푸르지오,,,1.0,아파트관리소 별도 문의,2023-06-23,2023-11-21,화,09:00,20:00,00:00,00:00,09:00,20:00,09:00,20:00,09:00,20:00,09:00,20:00,09:00,20:00,09:00,20:00,09:00,20:00,09:00,20:00,09:00,20:00,09:00,20:00,09:00,20:00,09:00,20:00,주류,충청남도 천안시 서북구청 환경위생과,041-521-6322,2023-06-30,4490000,충청남도 천안시
대명리조트,01,충청남도,천안시,충청남도 천안시 동남구 성남면 종합휴양지로 200,충청남도 천안시 동남구 성남면 용원리 672,,,2.0,매출액의22프로,2018-07-02,2099-01-01,연중무휴,09:00,19:00,09:00,19:00,09:00,19:00,09:00,19:00,09:00,19:00,09:00,19:00,09:00,19:00,09:00,19:00,09:00,19:00,09:00,19:00,09:00,19:00,09:00,19:00,09:00,19:00,09:00,19:00,주류,충청남도 천안시 동남구청 환경위생과,041-521-4324,2023-06-30,4490000,충청남도 천안시
청당 코오롱 하늘채아파트내 장터,99,충청남도,천안시,"충청남도 천안시 동남구 광풍로 1800, 1층 (청당동, 청당 코오롱 하늘채)",충청남도 천안시 동남구 청당동 992 청당 코오롱 하늘채,,,1.0,아파트관리소 별도 문의,2022-10-28,2024-12-31,월,08:00,22:00,00:00,00:00,08:00,22:00,08:00,22:00,08:00,22:00,08:00,22:00,08:00,22:00,08:00,22:00,08:00,22:00,08:00,22:00,08:00,22:00,08:00,22:00,08:00,22:00,08:00,22:00,주류,충청남도 천안시 동남구청 환경위생과,041-521-4324,2023-06-30,4490000,충청남도 천안시
부경대학교,학교,부산광역시,남구,"부산광역시 남구 용소로 45, 부경대학교 잔디광장 골목 (대연동)",부산광역시 남구 대연동 430-1,,,1.0,0,2024-05-25,2024-05-25,운영종료(축제기간 중 한시적 운영),10:00,20:00,0:00,0:00,,,,,,,,,,,,,,,,,,,,,,,,,,부산광역시 남구청,051-607-4414,2024-11-13,3310000,부산광역시 남구
부경대학교,학교,부산광역시,남구,"부산광역시 남구 용소로 45, 부경대학교 잔디광장 골목 (대연동)",부산광역시 남구 대연동 430-1,,,1.0,0,2024-06-15,2024-06-15,운영종료(축제기간 중 한시적 운영),10:00,20:00,0:00,0:00,,,,,,,,,,,,,,,,,,,,,,,,,,부산광역시 남구청,051-607-4414,2024-11-13,3310000,부산광역시 남구
부경대학교,학교,부산광역시,남구,"부산광역시 남구 용소로 45, 부경대학교 잔디광장 골목 (대연동)",부산광역시 남구 대연동 430-1,,,1.0,0,2024-06-19,2024-06-19,운영종료(축제기간 중 한시적 운영),10:00,20:00,0:00,0:00,,,,,,,,,,,,,,,,,,,,,,,,,,부산광역시 남구청,051-607-4414,2024-11-13,3310000,부산광역시 남구
부경대학교,학교,부산광역시,남구,"부산광역시 남구 용소로 45, 부경대학교 잔디광장 골목 (대연동)",부산광역시 남구 대연동 430-1,,,1.0,0,2024-08-06,2024-08-06,운영종료(축제기간 중 한시적 운영),10:00,20:00,0:00,0:00,,,,,,,,,,,,,,,,,,,,,,,,,,부산광역시 남구청,051-607-4414,2024-11-13,3310000,부산광역시 남구
부경대학교,학교,부산광역시,남구,"부산광역시 남구 용소로 45, 부경대학교 잔디광장 골목 (대연동)",부산광역시 남구 대연동 430-1,,,1.0,0,2024-10-19,2024-10-20,운영종료(축제기간 중 한시적 운영),10:00,20:00,0:00,0:00,,,,,,,,,,,,,,,,,,,,,,,,,,부산광역시 남구청,051-607-4414,2024-11-13,3310000,부산광역시 남구
의좋은형제공원 주차장,02,충청남도,예산군,충청남도 예산군 대흥면 예당로 885,충청남도 예산군 대흥면 동서리 384-11,36.60826625,126.7918293,,0,2017-03-15,2099-12-31,연중무휴,00:00,23:59,00:00,23:59,,,,,,,,,,,,,,,,,,,,,,,,,,충청남도 예산군,041-339-7482,2024-11-08,4610000,충청남도 예산군
사적지 제229호 충의사 주차장,02,충청남도,예산군,,충청남도 예산군 덕산면 시량리 119-1,36.68653715,126.651381,,0,2017-03-15,2099-12-31,연중무휴,00:00,23:59,00:00,23:59,,,,,,,,,,,,,,,,,,,,,,,,,,충청남도 예산군,041-339-7482,2024-11-08,4610000,충청남도 예산군
유형문화재 제43호 추사고택 주차장,02,충청남도,예산군,충청남도 예산군 신암면 추사고택로 261,충청남도 예산군 신암면 용궁리 904,36.74693565,126.7984593,,0,2017-03-15,2099-12-31,연중무휴,00:00,23:59,00:00,23:59,,,,,,,,,,,,,,,,,,,,,,,,,,충청남도 예산군,041-339-7482,2024-11-08,4610000,충청남도 예산군
예당관광지 주차장,02,충청남도,예산군,,충청남도 예산군 응봉면 후사리 448-1,,,,0,2017-03-15,2099-12-31,연중무휴,00:00,23:59,00:00,23:59,,,,,,,,,,,,,,,,,,,,,,,,,,충청남도 예산군,041-339-7482,2024-11-08,4610000,충청남도 예산군
덕산도립공원 수덕사 주차장,04,충청남도,예산군,,충청남도 예산군 덕산면 사천리 25-36,36.65581805,126.6207305,,0,2017-03-15,2099-12-31,연중무휴,00:00,23:59,00:00,23:59,,,,,,,,,,,,,,,,,,,,,,,,,,충청남도 예산군,041-339-7482,2024-11-08,4610000,충청남도 예산군
무한천체육공원 주차장,04,충청남도,예산군,,충청남도 예산군 예산읍 산성리 435-2,,,,0,2017-03-15,2099-12-31,연중무휴,00:00,23:59,00:00,23:59,,,,,,,,,,,,,,,,,,,,,,,,,,충청남도 예산군,041-339-7482,2024-11-08,4610000,충청남도 예산군
국립공주대학교 산업과학대학 주차장,06,충청남도,예산군,충청남도 예산군 예산읍 대학로 54,충청남도 예산군 예산읍 대회리 1,36.66988834,126.8594141,,0,2017-03-15,2099-12-31,연중무휴,00:00,23:59,00:00,23:59,,,,,,,,,,,,,,,,,,,,,,,,,,충청남도 예산군,041-339-7482,2024-11-08,4610000,충청남도 예산군
봉수산자연휴양림(수목원) 주차장,02,충청남도,예산군,충청남도 예산군 대흥면 임존성길 153,충청남도 예산군 대흥면 상중리 470-7,36.59844872,126.7808937,,0,2019-06-17,2099-12-31,연중무휴,00:00,23:59,00:00,23:59,,,,,,,,,,,,,,,,,,,,,,,,,,충청남도 예산군,041-339-7482,2024-11-08,4610000,충청남도 예산군
용하체육관,3,강원특별자치도,양구군,강원특별자치도 양구군 남면 정중앙로 624-18,강원특별자치도 양구군 남면 용하리 418,38.10859018,128.0349403,2.0,0,2017-07-10,2019-12-31,0,09:00,18:00,09:00,18:00,09:00,18:00,09:00,18:00,09:00,18:00,09:00,18:00,09:00,18:00,09:00,18:00,09:00,18:00,09:00,18:00,09:00,18:00,09:00,18:00,09:00,18:00,09:00,18:00,,(재)양구군시설관리사업단,033-480-2772,2024-09-06,4321000,강원특별자치도 양구군
청춘체육관,3,강원특별자치도,양구군,강원특별자치도 양구군 양구읍 함춘로 64,강원특별자치도 양구군 양구읍 하리 434-1,38.11422684,127.987116,3.0,0,2019-03-27,2024-12-31,0,09:00,18:00,09:00,18:00,09:00,18:00,09:00,18:00,09:00,18:00,09:00,18:00,09:00,18:00,09:00,18:00,09:00,18:00,09:00,18:00,09:00,18:00,09:00,18:00,09:00,18:00,09:00,18:00,,(재)양구군시설관리사업단,033-480-2772,2024-09-06,4321000,강원특별자치도 양구군
동해웰빙스포츠타운길,3,강원특별자치도,동해시,강원특별자치도 동해시 덕골길 10,,37.51606095,129.1021986,,월 46970원,2017-03-02,2022-12-31,연중무휴,00:00,23:59,00:00,23:59,,,,,,,,,,,,,,,,,,,,,,,,,,강원특별자치도 동해시청,033-539-3500,2024-08-27,4211000,강원특별자치도 동해시
남광주밤기차야시장,99,광주광역시,동구,광주광역시 동구 제봉로 7,광주광역시 동구 학동 55,35.1389375,126.9218722,,월 200000원,2016-10-21,2023-12-31,월+화+수+목+금+일,00:00,00:00,18:30,23:30,,,,,,,,,,,,,,,,,,,,,,,,,주류,광주광역시 동구,062-608-3357,2024-08-31,3590000,광주광역시 동구
국립아시아문화전당,8,광주광역시,동구,광주광역시 동구 문화전당로 38,광주광역시 동구 광산동 13,35.147371428,126.9208567631,,행사별 다름,2017-05-02,2023-12-31,행사종료일,17:00,22:00,17:00,22:00,,,,,,,,,10:00,22:00,,,,,,,,,,,,,,,주류,광주광역시 동구,062-608-3357,2024-08-31,3590000,광주광역시 동구
충장축제 행사장,99,광주광역시,동구,광주광역시 동구 문화전당로 38,광주광역시 동구 광산동 13,35.147371428,126.9208567631,,"550000(5일, 부과세 포함)",2016-09-26,2023-12-31,행사종료일,12:30,22:00,12:30,22:00,,,,,,,,,,,,,,,,,,,10:00,22:00,,,,,주류,광주광역시 동구,062-608-3357,2024-08-31,3590000,광주광역시 동구
독산역 2번출구 앞 광장,8,서울특별시,금천구,서울특별시 금천구 벚꽃로 115(가산동),서울특별시 금천구 가산동 717,37.46598732,126.8895142,3.0,2294050,2022-04-01,2024-03-31,연중 무휴,07:00,22:00,07:00,22:00,07:00,22:00,07:00,22:00,07:00,22:00,07:00,22:00,07:00,22:00,07:00,22:00,07:00,22:00,07:00,22:00,07:00,22:00,07:00,22:00,07:00,22:00,07:00,22:00,주류,서울특별시 금천구 지역경제과,02-2627-1316,2024-09-02,3170000,서울특별시 금천구
롯데프리미엄아울렛 부여점,2,충청남도,부여군,"충청남도 부여군 규암면 백제문로 387, 롯데프리미엄아울렛 1층 광장(리복매장 앞)",충청남도 부여군 규암면 합정리 172,36.30721422,126.9021823744,1.0,0,2020-07-22,2040-07-22,월요일+화요일+수요일+목요일+금요일,00:00,00:00,09:00,23:59,,,,,,,,,,,,,,,,,,,,,,,,,,충청남도 부여군청,041-830-8634,2024-08-19,4570000,충청남도 부여군
롯데프리미엄아울렛 부여점,2,충청남도,부여군,"충청남도 부여군 부여읍 금성로 5, 국립부여박물관",충청남도 부여군 부여읍 동남리 산 16-1,36.27564277,126.9178933,1.0,0,2022-01-26,2042-01-26,월요일+화요일+수요일+목요일+금요일,00:00,00:00,09:00,23:59,,,,,,,,,,,,,,,,,,,,,,,,,,충청남도 부여군청,041-830-8634,2024-08-19,4570000,충청남도 부여군
서동공원,2,충청남도,부여군,,충청남도 부여군 부여읍 동남리 181,36.27189228,126.9106567,1.0,0,2022-07-15,2042-07-15,연중무휴,09:00,23:59,09:00,23:59,,,,,,,,,,,,,,,,,,,,,,,,,,충청남도 부여군청,041-830-8634,2024-08-19,4570000,충청남도 부여군
백제문화제 행사장,2,충청남도,부여군,"충청남도 부여군 부여읍 의열로 33, 부여 백제문화제 행사장",충청남도 부여군 부여읍 동남리 429-4,36.27958842,126.9161474,1.0,0,2022-09-19,2042-09-19,연중무휴,09:00,23:59,09:00,23:59,,,,,,,,,,,,,,,,,,,,,,,,,,충청남도 부여군청,041-830-8634,2024-08-19,4570000,충청남도 부여군
백제문화제 행사장,2,충청남도,부여군,"충청남도 부여군 부여읍 백강로 135, 백제문화제 행사장 일원",충청남도 부여군 부여읍 구교리 15-3,36.28711682,126.9048787,1.0,0,2022-09-21,2042-09-21,연중무휴,09:00,23:59,09:00,23:59,,,,,,,,,,,,,,,,,,,,,,,,,,충청남도 부여군청,041-830-8634,2024-08-19,4570000,충청남도 부여군
부여 달밤야시장,2,충청남도,부여군,충청남도 부여군 부여읍 성왕로173번길 12,충청남도 부여군 부여읍 구아리 432,36.28149441,126.9075581,1.0,0,2023-04-20,2043-04-20,월요일+화요일+수요일+목요일,09:00,23:59,09:00,23:59,,,,,,,,,,,,,,,,,,,,,,,,,,충청남도 부여군청,041-830-8634,2024-08-19,4570000,충청남도 부여군
서동공원,2,충청남도,부여군,,충청남도 부여군 부여읍 동남리 117,36.2696842539,126.9122110391,1.0,0,2023-06-15,2043-06-15,연중무휴,09:00,23:59,09:00,23:59,,,,,,,,,,,,,,,,,,,,,,,,,,충청남도 부여군청,041-830-8634,2024-08-19,4570000,충청남도 부여군
이천농업테마공원 공원부지,99,경기도,이천시,경기도 이천시 모가면 공원로 48,경기도 이천시 모가면 어농리 871-3,37.17960623,127.4453047,2.0,연 127820원,2019-03-08,2021-03-07,운영중단,00:00,00:00,00:00,00:00,00:00,00:00,00:00,00:00,00:00,00:00,00:00,00:00,00:00,00:00,00:00,00:00,00:00,00:00,00:00,00:00,00:00,00:00,00:00,00:00,00:00,00:00,00:00,00:00,운영중단,이천시시설관리공단,031-632-6607,2024-10-02,B553081,이천시시설관리공단
청사포정거장,1,부산광역시,해운대구,부산광역시 해운대구 청사포로 116 (중동),부산광역시 해운대구 중동 555-2,35.16122317,129.1913662,3.0,0,2021-12-24,2027-01-09,비정기적,00:00,23:59,00:00,23:59,,,,,,,,,,,,,,,,,,,,,,,,,주류,부산광역시 해운대구청,051-749-4404,2024-10-18,3330000,부산광역시 해운대구
동백섬(더베이 101),2,부산광역시,해운대구,부산광역시 해운대구 동백로 52 (우동),부산광역시 해운대구 우동 747-7,35.156581,129.1520693,1.0,0,2022-11-08,2025-12-31,비정기적,00:00,23:59,00:00,23:59,,,,,,,,,,,,,,,,,,,,,,,,,주류,부산광역시 해운대구청,051-749-4404,2024-10-18,3330000,부산광역시 해운대구
송정역(폐역),1,부산광역시,해운대구,부산광역시 해운대구 송정중앙로8번길 60 (송정동),부산광역시 해운대구 송정동 299-2,35.18093906,129.2003352,2.0,0,2023-06-02,2025-09-28,비정기적,00:00,23:59,00:00,23:59,,,,,,,,,,,,,,,,,,,,,,,,,주류,부산광역시 해운대구청,051-749-4404,2024-10-18,3330000,부산광역시 해운대구
부산시청 푸드트럭존,8,부산광역시,연제구,부산광역시 연제구 중앙대로 1001,부산광역시 연제구 연산동 1000,35.17992599,129.0750952,2.0,0,2017-12-22,2018-12-22,연중무휴,00:00,23:59,00:00,23:59,,,,,,,,,,,,,,,,,,,,,,,,,,부산광역시 연제구청,051-665-4415,2024-10-17,3370000,부산광역시 연제구
아시아드주경기장,8,부산광역시,연제구,부산광역시 연제구 월드컵대로 344,부산광역시 연제구 거제동 1299,35.19008744,129.058356,7.0,0,2017-11-23,2018-10-31,연중무휴,00:00,23:59,00:00,23:59,,,,,,,,,,,,,,,,,,,,,,,,,,부산광역시 연제구청,051-665-4415,2024-10-17,3370000,부산광역시 연제구
곡교천 은행나무길,5,충청남도,아산시,,충청남도 아산시 염치읍 송곡리 113-2,,,5.0,월898540원,2022-06-09,2023-06-08,월요일+1월1일+설 당일+추석 전일+추석 당일,11:00,18:00,11:00,18:00,,,,,,,,,,,,,,,,,,,,,,,,,,충청남도 아산시,041-540-2109,2024-08-31,4520000,충청남도 아산시
이순신종합운동장 내 푸드트럭존,3,충청남도,아산시,충청남도 아산시 남부로 370-24,충청남도 아산시 풍기동 366-1,,,2.0,0,2023-03-01,2023-12-31,연중무휴,00:00,23:59,00:00,23:59,,,,,,,,,,,,,,,,,,,,,,,,,,충청남도 아산시,041-540-2109,2024-08-31,4520000,충청남도 아산시
온양온천시장 이벤트광장,99,충청남도,아산시,충청남도 아산시 시장길 5,충청남도 아산시 온천동 46-3,,,1.0,0,2023-01-01,2023-12-31,연중무휴,00:00,23:59,00:00,23:59,,,,,,,,,,,,,,,,,,,,,,,,,,충청남도 아산시,041-540-2109,2024-08-31,4520000,충청남도 아산시
아파트 알뜰시장,99,충청남도,아산시,충청남도 아산시 배방읍 배방로 58-44,충청남도 아산시 배방읍 공수리 1730,,,4.0,0,2023-03-10,2024-03-09,연중무휴,00:00,23:59,00:00,23:59,,,,,,,,,,,,,,,,,,,,,,,,,,충청남도 아산시,041-540-2109,2024-08-31,4520000,충청남도 아산시
아파트 알뜰시장,99,충청남도,아산시,충청남도 아산시 배방읍 연화로 36(연화마을 8단지),충청남도 아산시 배방읍 장재리 1539,,,2.0,0,2024-06-24,2025-06-16,연중무휴,00:00,23:59,00:00,23:59,,,,,,,,,,,,,,,,,,,,,,,,,,충청남도 아산시,041-540-2109,2024-08-31,4520000,충청남도 아산시
아파트 알뜰시장,99,충청남도,아산시,충청남도 아산시 음봉면 음봉로 515-38(더샵 레이크시티2차 아파트),충청남도 아산시 월랑리 702,,,5.0,0,2024-06-03,2025-04-15,연중무휴,00:00,23:59,00:00,23:59,,,,,,,,,,,,,,,,,,,,,,,,,,충청남도 아산시,041-540-2109,2024-08-31,4520000,충청남도 아산시
아파트 알뜰시장,99,충청남도,아산시,충청남도 아산시 음봉면 음봉로 515-37(더샵 레이크시티3차 아파트),충청남도 아산시 월랑리 695,,,2.0,0,2024-06-14,2026-02-28,연중무휴,00:00,23:59,00:00,23:59,,,,,,,,,,,,,,,,,,,,,,,,,,충청남도 아산시,041-540-2109,2024-08-31,4520000,충청남도 아산시
아파트 알뜰시장,99,충청남도,아산시,충청남도 아산시 음봉면 음봉로 567(더샵 레이크사이드 아파트),충청남도 아산시 월랑리 615,,,1.0,0,2024-07-05,2026-02-28,연중무휴,00:00,23:59,00:00,23:59,,,,,,,,,,,,,,,,,,,,,,,,,,충청남도 아산시,041-540-2109,2024-08-31,4520000,충청남도 아산시
율곡면 대야로,99,경상남도,합천군,경상남도 합천군 율곡면 대야로 1319,,35.5969947,128.1853948,1.0,0,2023-09-08,2028-07-31,연중무휴,00:00,23:59,00:00,23:59,,,,,,,,,,,,,,,,,,,,,,,,,,경상남도 합천군청,055-930-3317,2024-10-07,5480000,경상남도 합천군
신소양체육공원,01,경상남도,합천군,,경상남도 합천군 합천읍 영창리 898,35.583508,128.170197,7.0,0,2024-09-28,2024-10-27,연중무휴,00:00,23:59,00:00,23:59,,,,,,,,,,,,,,,,,,,,,,,,,,경상남도 합천군청,055-930-3317,2024-10-07,5480000,경상남도 합천군
반도정식당 앞,99,경상남도,합천군,경상남도 합천군 용주면 합천호수로 842,,35.546774,128.081769,1.0,0,2024-07-18,2026-06-01,연중무휴,00:00,23:59,00:00,23:59,,,,,,,,,,,,,,,,,,,,,,,,,,경상남도 합천군청,055-930-3317,2024-10-07,5480000,경상남도 합천군
오장폭포주차장,2,강원특별자치도,정선군,,강원특별자치도 정선군 여량면 구절리 산 2,37.52001009,128.7337022,1.0,10만원(10년치),2017-01-19,2027-01-19,연중무휴,09:00,17:00,09:00,17:00,09:00,17:00,09:00,17:00,09:00,17:00,09:00,17:00,09:00,17:00,09:00,17:00,09:00,17:00,09:00,17:00,09:00,17:00,09:00,17:00,09:00,17:00,09:00,17:00,식품외품목,강원특별자치도 정선군청,033-560-2552,2024-09-07,4291000,강원특별자치도 정선군
만항재,2,강원특별자치도,정선군,강원특별자치도 정선군 고한읍 함백산로 865,강원특별자치도 정선군 고한읍 고한리 산 215-3,37.1485691,128.8989922,1.0,120만원(1년치),2017-06-12,2024-12-31,연중무휴,10:00,17:00,08:30,18:00,10:00,17:00,10:00,17:00,10:00,17:00,10:00,17:00,10:00,17:00,10:00,17:00,10:00,17:00,10:00,17:00,10:00,17:00,10:00,17:00,10:00,17:00,10:00,17:00,식품외품목,강원특별자치도 정선군청,033-560-2552,2024-09-07,4291000,강원특별자치도 정선군
문화체육회관,3,강원특별자치도,양구군,강원특별자치도 양구군 양구읍 양록길23번길 17,강원특별자치도 양구군 양구읍 상리 505,38.108303,127.9843733,2.0,0,2017-07-10,2023-11-30,0,09:00,18:00,09:00,18:00,09:00,18:00,09:00,18:00,09:00,18:00,09:00,18:00,09:00,18:00,09:00,18:00,09:00,18:00,09:00,18:00,09:00,18:00,09:00,18:00,09:00,18:00,09:00,18:00,,(재)양구군시설관리사업단,033-480-2772,2024-09-06,4321000,강원특별자치도 양구군
레포츠공원,3,강원특별자치도,양구군,강원특별자치도 양구군 양구읍 박수근로 366-11,강원특별자치도 양구군 양구읍 상리 404-1,38.10505304,127.9822628,2.0,0,2017-07-10,2019-12-31,0,09:00,18:00,09:00,18:00,09:00,18:00,09:00,18:00,09:00,18:00,09:00,18:00,09:00,18:00,09:00,18:00,09:00,18:00,09:00,18:00,09:00,18:00,09:00,18:00,09:00,18:00,09:00,18:00,,(재)양구군시설관리사업단,033-480-2772,2024-09-06,4321000,강원특별자치도 양구군
테니스파크,3,강원특별자치도,양구군,강원특별자치도 양구군 양구읍 함춘로 102,강원특별자치도 양구군 양구읍 하리 439,38.11671862,127.9884611,3.0,0,2017-07-10,2024-05-31,0,09:00,18:00,09:00,18:00,09:00,18:00,09:00,18:00,09:00,18:00,09:00,18:00,09:00,18:00,09:00,18:00,09:00,18:00,09:00,18:00,09:00,18:00,09:00,18:00,09:00,18:00,09:00,18:00,,(재)양구군시설관리사업단,033-480-2772,2024-09-06,4321000,강원특별자치도 양구군
경기남부도로,99,경기도,의왕시,"경기도 의왕시 오전로 24, 의왕휴게소 서울방향 (왕곡동)",경기도 의왕시 왕곡동 260,,,1.0,0,2019-01-24,2032-12-31,연중무휴,00:00,20:00,00:00,20:00,,,,,,,,,,,,,,,,,,,,,,,,,,경기도 의왕시청,031-345-2823,2024-12-09,4030000,경기도 의왕시
의왕휴게소,99,경기도,의왕시,"경기도 의왕시 오전로 24, 의왕휴게소 서울방향 (왕곡동)",경기도 의왕시 왕곡동 260,,,1.0,0,2019-04-29,2033-06-30,연중무휴,00:00,20:00,00:00,20:00,,,,,,,,,,,,,,,,,,,,,,,,,,경기도 의왕시청,031-345-2823,2024-12-09,4030000,경기도 의왕시
의왕휴게소,99,경기도,의왕시,"경기도 의왕시 오전로 24, 의왕휴게소 서울방향 (왕곡동)",경기도 의왕시 왕곡동 260,,,1.0,0,2024-04-11,2028-12-31,연중무휴,00:00,20:00,00:00,20:00,,,,,,,,,,,,,,,,,,,,,,,,,,경기도 의왕시청,031-345-2823,2024-12-09,4030000,경기도 의왕시
왕송호수공원,04,경기도,의왕시,,경기도 의왕시 초평동 278-9,,,1.0,0,2016-12-20,2025-12-14,연중무휴,00:00,20:00,00:00,20:00,,,,,,,,,,,,,,,,,,,,,,,,,,경기도 의왕시청,031-345-2823,2024-12-09,4030000,경기도 의왕시
왕송호수공원,04,경기도,의왕시,,경기도 의왕시 초평동 278-9,,,1.0,0,2017-01-02,2025-12-04,연중무휴,00:00,20:00,00:00,20:00,,,,,,,,,,,,,,,,,,,,,,,,,,경기도 의왕시청,031-345-2823,2024-12-09,4030000,경기도 의왕시
고려청자박물관,99,전라남도,강진군,전라남도 강진군 대구면 청자촌길 33,,,,,0,2024-02-23,2024-03-03,연중무휴,00:00,23:59,00:00,23:59,00:00,23:59,00:00,23:59,00:00,23:59,00:00,23:59,00:00,23:59,00:00,23:59,00:00,23:59,00:00,23:59,00:00,23:59,00:00,23:59,00:00,23:59,00:00,23:59,,전라남도 강진군청,061-430-3732,2024-12-10,4920000,전라남도 강진군
광주도자기엑스포장,99,경기도,광주시,"경기도 광주시 곤지암읍 경충대로 727, 광주도자기엑스포장",경기도 광주시 곤지암읍 삼리 72-1 광주도자기엑스포장,,,1.0,0,2024-01-23,2028-06-22,연중무휴,08:00,22:00,08:00,22:00,,,,,,,,,,,,,,,,,,,,,,,,,,경기도 광주시청,031-760-8435,2024-12-10,5540000,경기도 광주시
팀업캠퍼스,99,경기도,광주시,"경기도 광주시 곤지암읍 경충대로 729, 팀업캠퍼스 푸드트럭존",경기도 광주시 곤지암읍 삼리 430 팀업캠퍼스 푸드트럭존,,,1.0,0,2024-01-23,2028-06-22,연중무휴,08:00,22:00,08:00,22:00,,,,,,,,,,,,,,,,,,,,,,,,,,경기도 광주시청,031-760-8435,2024-12-10,5540000,경기도 광주시
진천군 농다리,7,충청북도,진천군,,충청북도 진천군 문백면 구산동리 593-1,36.8259758605,127.4921638074,4.0,0,2024-03-21,2026-12-31,연중무휴,09:00,18:00,09:00,18:00,,,,,,,,,,,,,,,,,,,,,,,,,,충청북도 진천군청,043-539-3425,2025-06-27,4450000,충청북도 진천군
함평공영주차장(터미널앞) 내,8,전라남도,함평군,,전라남도 함평군 함평읍 기각리 994-12,35.0625223171,126.5233422481,1.0,연161920원,2023-12-29,2024-11-28,미운영,09:00,20:00,10:00,21:00,,,,,,,,,,,,,,,,,,,,,,,,,,전라남도 함평군,061-320-2457,2025-07-02,4960000,전라남도 함평군
함평공영주차장(한국전력공사) 내,8,전라남도,함평군,,전라남도 함평군 함평읍 내교리 574-1,35.05961072,126.5179813,1.0,10월117180원,2024-02-23,2024-12-31,미운영,09:00,20:00,10:00,21:00,,,,,,,,,,,,,,,,,,,,,,,,,,전라남도 함평군,061-320-2457,2025-07-02,4960000,전라남도 함평군
천지면옥앞,99,전라남도,함평군,전라남도 함평군 함평읍 함장로 1119,전라남도 함평군 함평읍 내교리580-8,35.05856165,126.5178985,1.0,0,2024-06-19,2025-06-19,미운영,09:00,20:00,10:00,21:00,,,,,,,,,,,,,,,,,,,,,,,,,,전라남도 함평군,061-320-2457,2025-07-02,4960000,전라남도 함평군
글램핑장주변,2,전라남도,함평군,전라남도 함평군 함평읍 장년길 40,전라남도 함평군 함평읍 장년리 726,35.0941902304,126.4768722874,1.0,0,2021-02-09,2023-02-14,미운영,09:00,20:00,10:00,21:00,,,,,,,,,,,,,,,,,,,,,,,,,,전라남도 함평군,061-320-2457,2025-07-02,4960000,전라남도 함평군
저류시설,4,전라남도,순천시,,전라남도 순천시 풍덕동 691,34.93536,127.499795,25.0,월 3500000원,2021-09-01,2023-12-31,월,18:00,00:00,18:00,00:00,18:00,00:00,18:00,00:00,18:00,00:00,18:00,00:00,18:00,00:00,18:00,00:00,18:00,00:00,18:00,00:00,18:00,00:00,18:00,00:00,18:00,00:00,18:00,00:00,주류,전라남도 순천시청 지역경제과,061-749-5811,2024-11-19,4820000,전라남도 순천시
낙동강 벚꽃축제 푸드존,99,부산광역시,사상구,,부산광역시 사상구 삼락동 438,,,2.0,0,2024-03-23,2024-03-31,운영종료(행사기간 중 한시적 운영),10:30,20:00,10:30,20:00,,,,,,,,,,,,,,,,,,,,,,,,,,부산광역시 사상구청,051-310-4402,2024-11-15,3390000,부산광역시 사상구
다누림센터 내 행사장 일원,99,부산광역시,사상구,,부산광역시 사상구 학장동 288-12,,,4.0,0,2024-09-01,2024-09-01,운영종료(행사기간 중 한시적 운영),14:00,17:30,14:00,17:30,,,,,,,,,,,,,,,,,,,,,,,,,,부산광역시 사상구청,051-310-4401,2024-11-15,3390000,부산광역시 사상구
고속도로 졸음쉼터,7,경기도,성남시 수정구,,경기도 성남시 수정구 수진동 산39-13,,,1.0,0,2022-11-01,2025-10-31,연중무휴,07:00,20:00,07:00,20:00,08:00,19:00,08:00,19:00,07:00,20:00,07:00,20:00,07:00,20:00,07:00,20:00,07:00,20:00,07:00,20:00,07:00,20:00,08:00,19:00,08:00,19:00,08:00,19:00,,한국도로공사,02-2219-6326,2024-11-13,3780000,경기도 성남시
경성대학교,학교,부산광역시,남구,"부산광역시 남구 수영로 309, 경성대학교 27호관 중앙도서관 광장 앞 (대연동)",부산광역시 남구 대연동 산 37-1,,,1.0,0,2024-03-22,2024-04-07,운영종료(축제기간 중 한시적 운영),10:00,20:00,0:00,0:00,,,,,,,,,,,,,,,,,,,,,,,,,,부산광역시 남구청,051-607-4414,2024-11-13,3310000,부산광역시 남구
경성대학교,학교,부산광역시,남구,"부산광역시 남구 수영로 309, 경성대학교 27호관 중앙도서관 광장 앞 (대연동)",부산광역시 남구 대연동 산 37-1,,,1.0,0,2024-04-08,2024-04-10,운영종료(축제기간 중 한시적 운영),10:00,20:00,0:00,0:00,,,,,,,,,,,,,,,,,,,,,,,,,,부산광역시 남구청,051-607-4414,2024-11-13,3310000,부산광역시 남구
부경대학교,학교,부산광역시,남구,"부산광역시 남구 용소로 45, 부경대학교 잔디광장 골목 (대연동)",부산광역시 남구 대연동 430-1,,,1.0,0,2024-03-29,2024-03-31,운영종료(축제기간 중 한시적 운영),10:00,20:00,0:00,0:00,,,,,,,,,,,,,,,,,,,,,,,,,,부산광역시 남구청,051-607-4414,2024-11-13,3310000,부산광역시 남구
부경대학교,학교,부산광역시,남구,"부산광역시 남구 용소로 45, 부경대학교 잔디광장 골목 (대연동)",부산광역시 남구 대연동 430-1,,,1.0,0,2024-02-20,2024-02-20,운영종료(축제기간 중 한시적 운영),10:00,20:00,0:00,0:00,,,,,,,,,,,,,,,,,,,,,,,,,,부산광역시 남구청,051-607-4414,2024-11-13,3310000,부산광역시 남구
부경대학교,학교,부산광역시,남구,"부산광역시 남구 용소로 45, 부경대학교 잔디광장 골목 (대연동)",부산광역시 남구 대연동 430-1,,,1.0,0,2024-03-17,2024-03-17,운영종료(축제기간 중 한시적 운영),10:00,20:00,0:00,0:00,,,,,,,,,,,,,,,,,,,,,,,,,,부산광역시 남구청,051-607-4414,2024-11-13,3310000,부산광역시 남구
부경대학교,학교,부산광역시,남구,"부산광역시 남구 용소로 45, 부경대학교 잔디광장 골목 (대연동)",부산광역시 남구 대연동 430-1,,,1.0,0,2024-04-02,2024-04-02,운영종료(축제기간 중 한시적 운영),10:00,20:00,0:00,0:00,,,,,,,,,,,,,,,,,,,,,,,,,,부산광역시 남구청,051-607-4414,2024-11-13,3310000,부산광역시 남구
부경대학교,학교,부산광역시,남구,"부산광역시 남구 용소로 45, 부경대학교 잔디광장 골목 (대연동)",부산광역시 남구 대연동 430-1,,,1.0,0,2024-04-20,2024-04-20,운영종료(축제기간 중 한시적 운영),10:00,20:00,0:00,0:00,,,,,,,,,,,,,,,,,,,,,,,,,,부산광역시 남구청,051-607-4414,2024-11-13,3310000,부산광역시 남구
부경대학교,학교,부산광역시,남구,"부산광역시 남구 용소로 45, 부경대학교 잔디광장 골목 (대연동)",부산광역시 남구 대연동 430-1,,,1.0,0,2024-04-28,2024-04-28,운영종료(축제기간 중 한시적 운영),10:00,20:00,0:00,0:00,,,,,,,,,,,,,,,,,,,,,,,,,,부산광역시 남구청,051-607-4414,2024-11-13,3310000,부산광역시 남구
부경대학교,학교,부산광역시,남구,"부산광역시 남구 용소로 45, 부경대학교 잔디광장 골목 (대연동)",부산광역시 남구 대연동 430-1,,,1.0,0,2024-05-06,2024-05-06,운영종료(축제기간 중 한시적 운영),10:00,20:00,0:00,0:00,,,,,,,,,,,,,,,,,,,,,,,,,,부산광역시 남구청,051-607-4414,2024-11-13,3310000,부산광역시 남구
부경대학교,학교,부산광역시,남구,"부산광역시 남구 용소로 45, 부경대학교 잔디광장 골목 (대연동)",부산광역시 남구 대연동 430-1,,,1.0,0,2024-05-04,2024-05-04,운영종료(축제기간 중 한시적 운영),10:00,20:00,0:00,0:00,,,,,,,,,,,,,,,,,,,,,,,,,,부산광역시 남구청,051-607-4414,2024-11-13,3310000,부산광역시 남구
부경대학교,학교,부산광역시,남구,"부산광역시 남구 용소로 45, 부경대학교 잔디광장 골목 (대연동)",부산광역시 남구 대연동 430-1,,,1.0,0,2024-05-04,2024-05-04,운영종료(축제기간 중 한시적 운영),10:00,20:00,0:00,0:00,,,,,,,,,,,,,,,,,,,,,,,,,,부산광역시 남구청,051-607-4414,2024-11-13,3310000,부산광역시 남구
동강시스타,2,강원특별자치도,영월군,강원특별자치도 영월군 영월읍 사지막길 160,,,,,0,2019-12-27,2020-12-27,연중무휴,09:00,18:00,09:00,18:00,,,,,,,,,,,,,,,,,,,,,,,,,,강원특별자치도 영월군청,033-370-2390,2024-11-12,4271000,강원특별자치도 영월군
금성아파트,99,경기도,이천시,"경기도 이천시 향교로79번길 25 (창전동, 금성아파트)",경기도 이천시 창전동 432-13 금성아파트,37.285678,127.446238,1.0,0,2021-11-18,2024-12-31,연중무휴,09:00,20:00,09:00,20:00,09:00,20:00,09:00,20:00,09:00,20:00,09:00,20:00,09:00,20:00,09:00,20:00,09:00,20:00,09:00,20:00,09:00,20:00,09:00,20:00,09:00,20:00,09:00,20:00,,경기도 이천시청,031-645-3467,2025-01-21,4070000,경기도 이천시
센트럴 푸르지오,99,경기도,이천시,"경기도 이천시 갈산로 60, 관리사무소 앞동 (증포동, 센트럴 푸르지오)",경기도 이천시 증포동 486 센트럴 푸르지오,37.28879912,127.4591753,1.0,0,2022-06-22,2023-05-31,연중무휴,09:00,20:00,09:00,20:00,09:00,20:00,09:00,20:00,09:00,20:00,09:00,20:00,09:00,20:00,09:00,20:00,09:00,20:00,09:00,20:00,09:00,20:00,09:00,20:00,09:00,20:00,09:00,20:00,,경기도 이천시청,031-645-3467,2025-01-21,4070000,경기도 이천시
렛츠런파크 부산경남 분수광장 옆,01,경상남도,김해시,경상남도 김해시 가락대로 929-1,경상남도 김해시 수가동 1333,35.1563288,128.8722401,15.0,0,2023-04-21,2023-11-25,월요일+공휴일,09:30,18:00,09:30,18:00,,,,,,,,,,,,,,,,,,,,,,,,,주류,경상남도 김해시청,055-330-4463,2024-07-31,5350000,경상남도 김해시
낙동강레일파크 주차장,08,경상남도,김해시,경상남도 김해시 생림면 마사로473번길 18-59,경상남도 김해시 생림면 마사리 644-1,35.37181792,128.8190724,3.0,0,2022-08-07,2027-08-06,매달 5번째 월요일,09:30,18:00,09:30,17:00,09:00,17:00,09:00,17:00,09:00,17:00,09:30,18:00,09:30,18:00,09:30,18:00,09:30,18:00,09:30,18:00,09:30,18:00,09:30,18:00,09:00,17:00,09:00,17:00,주류,경상남도 김해시청,055-330-4463,2024-07-31,5350000,경상남도 김해시
아일랜드캐슬 워터파크,1,경기도,의정부시,경기도 의정부시 장곡로 22,경기도 의정부시 장암동 135,37.706993,127.053385,,0,2019-08-01,2023-06-30,1월~5월+9월~12월,10:00,18:00,10:00,18:00,00:00,00:00,00:00,00:00,00:00,00:00,00:00,00:00,00:00,00:00,10:00,18:00,10:00,18:00,10:00,18:00,00:00,00:00,00:00,00:00,00:00,00:00,00:00,00:00,스낵류,경기도 의정부시청,031-828-2944,2024-07-15,3820000,경기도 의정부시
경인아라뱃길 시천교,5,인천광역시,서구,,인천광역시 서구 시천동 159-1,,,4.0,연 630500원,2019-01-04,2024-12-31,연중무휴,10:00,22:00,10:00,22:00,10:00,20:00,10:00,20:00,10:00,22:00,10:00,22:00,10:00,22:00,10:00,22:00,10:00,22:00,10:00,22:00,10:00,22:00,10:00,22:00,10:00,20:00,10:00,20:00,주류,한국수자원공사 인천김포권지사,032-590-2252,2024-07-08,3560000,인천광역시 서구
유성 가마솥순대,99,충청북도,청주시,"충청북도 청주시 서원구 장전로 80 (성화동, 성화주공2단지아파트)",충청북도 청주시 서원구 성화동 619 성화주공2단지아파트,,,,0,2025-05-14,2026-02-28,연중무휴,10:00,20:00,10:00,20:00,,,,,,,,,,,,,,,,,,,,,,,,,,충청북도 청주시 서원구청,043-201-1972,2025-06-24,5710000,충청북도 청주시
카페솔솔(청주흥덕시니어클럽),99,충청북도,청주시,,충청북도 청주시 흥덕구 향정동 30-8,,,,0,2024-05-17,2027-05-16,연중무휴,10:00,20:00,10:00,20:00,,,,,,,,,,,,,,,,,,,,,,,,,,충청북도 청주시 흥덕구청,043-201-1972,2025-06-24,5710000,충청북도 청주시
플레이팜,99,충청북도,청주시,"충청북도 청주시 흥덕구 강내면 청주역로 213-52, 한국잠사박물관 내",충청북도 청주시 흥덕구 강내면 학천리 175,,,,0,2022-03-22,2025-12-31,연중무휴,10:00,20:00,10:00,20:00,,,,,,,,,,,,,,,,,,,,,,,,,,충청북도 청주시 흥덕구청,043-201-1972,2025-06-24,5710000,충청북도 청주시
건강가족,99,충청북도,청주시,충청북도 청주시 흥덕구 옥산면 오송가락로 1056 (청주리버파크자이),충청북도 청주시 흥덕구 옥산면 가락리 981 청주리버파크자이,,,,0,2024-11-01,2025-10-31,연중무휴,10:00,20:00,10:00,20:00,,,,,,,,,,,,,,,,,,,,,,,,,,충청북도 청주시 흥덕구청,043-201-1972,2025-06-24,5710000,충청북도 청주시
진주네 닭강정,99,충청북도,청주시,"충청북도 청주시 흥덕구 강내면 탑연월곡길 62-20, 일부호 (청원쌍용예가 2단지아파트)",충청북도 청주시 흥덕구 강내면 월곡리 429 청원쌍용예가 2단지아파트,,,,0,2023-06-26,2025-07-31,연중무휴,10:00,20:00,10:00,20:00,,,,,,,,,,,,,,,,,,,,,,,,,,충청북도 청주시 청원구청,043-201-1972,2025-06-24,5710000,충청북도 청주시
다모아푸드,99,충청북도,청주시,충청북도 청주시 흥덕구 오송읍 오송생명5로 201 (오송마을휴먼시아2단지),충청북도 청주시 흥덕구 오송읍 만수리 549 오송마을휴먼시아2단지,,,,0,2023-06-27,2025-07-31,연중무휴,10:00,20:00,10:00,20:00,,,,,,,,,,,,,,,,,,,,,,,,,,충청북도 청주시 흥덕구청,043-201-1972,2025-06-24,5710000,충청북도 청주시
도경푸드,99,충청북도,청주시,"충청북도 청주시 흥덕구 송화로214번길 29 (송절동, 테크노폴리스우미린)",충청북도 청주시 흥덕구 송절동 850 테크노폴리스우미린 알뜰장터,,,,0,2024-11-01,2025-07-18,연중무휴,10:00,20:00,10:00,20:00,,,,,,,,,,,,,,,,,,,,,,,,,,충청북도 청주시 흥덕구청,043-201-1972,2025-06-24,5710000,충청북도 청주시
달콤,99,충청북도,청주시,충청북도 청주시 흥덕구 오송읍 오송가락로 235 (청원오송휴먼시아1단지),충청북도 청주시 흥덕구 오송읍 만수리 549-1 청원오송휴먼시아1단지,,,,0,2025-02-04,2025-07-31,연중무휴,10:00,20:00,10:00,20:00,,,,,,,,,,,,,,,,,,,,,,,,,,충청북도 청주시 흥덕구청,043-201-1972,2025-06-24,5710000,충청북도 청주시
순대벅스,99,충청북도,청주시,충청북도 청주시 흥덕구 오송읍 오송생명7로 151 (오송역 파라곤 센트럴시티),충청북도 청주시 흥덕구 오송읍 봉산리 798 오송역 파라곤 센트럴시티,,,,0,2025-05-28,2025-12-31,연중무휴,10:00,20:00,10:00,20:00,,,,,,,,,,,,,,,,,,,,,,,,,,충청북도 청주시 흥덕구청,043-201-1972,2025-06-24,5710000,충청북도 청주시
홀리몰리,99,충청북도,청주시,,충청북도 청주시 청원구 오창읍 성산리 435-9,,,,0,2023-03-14,2028-03-07,연중무휴,10:00,20:00,10:00,20:00,,,,,,,,,,,,,,,,,,,,,,,,,,충청북도 청주시 청원구청,043-201-1972,2025-06-24,5710000,충청북도 청주시
분식제조창 쁘띠,99,충청북도,청주시,,충청북도 청주시 청원구 내덕동 813-35,,,,0,2024-04-04,2099-12-31,연중무휴,10:00,20:00,10:00,20:00,,,,,,,,,,,,,,,,,,,,,,,,,,충청북도 청주시 청원구청,043-201-1972,2025-06-24,5710000,충청북도 청주시
현푸드,99,충청북도,청주시,충청북도 청주시 청원구 오창읍 중부로 760 (오창 롯데캐슬 더 하이스트),충청북도 청주시 청원구 오창읍 양청리 810-2 오창 롯데캐슬 더 하이스트,,,,0,2024-07-08,2026-04-30,연중무휴,10:00,20:00,10:00,20:00,,,,,,,,,,,,,,,,,,,,,,,,,,충청북도 청주시 청원구청,043-201-1972,2025-06-24,5710000,충청북도 청주시
대화전통시장,99,강원특별자치도,평창군,강원특별자치도 평창군 대화면 대화3길 41,강원특별자치도 평창군 대화면 대화리 1001-29,37.50069585,128.4547123,,0,2020-04-24,2030-12-31,4일+9일+14일+19일+24일+29일,09:00,19:00,09:00,19:00,09:00,19:00,09:00,19:00,09:00,19:00,09:00,19:00,09:00,19:00,09:00,19:00,09:00,19:00,09:00,19:00,09:00,19:00,09:00,19:00,09:00,19:00,09:00,19:00,주류,강원특별자치도 평창군청,033-330-2314,2025-06-20,4281000,강원특별자치도 평창군
마하생태관광단지,2,강원특별자치도,평창군,강원특별자치도 평창군 미탄면 문희길 63,강원특별자치도 평창군 미탄면 마하리 82,37.27786222,128.5770659,,0,2019-05-01,2030-12-31,연중무휴,09:00,19:00,09:00,19:00,09:00,19:00,09:00,19:00,09:00,19:00,09:00,19:00,09:00,19:00,09:00,19:00,09:00,19:00,09:00,19:00,09:00,19:00,09:00,19:00,09:00,19:00,09:00,19:00,주류,강원특별자치도 평창군청,033-330-2314,2025-06-20,4281000,강원특별자치도 평창군
치요남치킨강촌점,2,강원특별자치도,춘천시,강원특별자치도 춘천시 남면 충효로 1381,강원특별자치도 춘천시 남면 가정리 908,37.733325,127.576019,1.0,0,2019-08-23,2025-12-31,연중무휴,09:00,18:00,09:00,18:00,,,,,,,,,,,,,,,,,,,,,,,,,,강원특별자치도 춘천시청,033-250-3323,2024-10-24,4181000,강원특별자치도 춘천시
강촌강변,2,강원특별자치도,춘천시,"강원특별자치도 춘천시 남산면 북한강변길 910-36, 마을회관 맞은편 도로",강원특별자치도 춘천시 남산면 강촌리 570-3,37.825508,127.614821,1.0,0,2020-07-16,2024-12-20,연중무휴,09:00,18:00,09:00,18:00,,,,,,,,,,,,,,,,,,,,,,,,,,강원특별자치도 춘천시청,033-250-3323,2024-10-24,4181000,강원특별자치도 춘천시
몽키푸드,2,강원특별자치도,춘천시,강원특별자치도 춘천시 남면 충효로 1381,강원특별자치도 춘천시 남면 가정리 907-3,37.733325,127.576019,1.0,0,2020-09-21,2025-12-31,연중무휴,09:00,18:00,09:00,18:00,,,,,,,,,,,,,,,,,,,,,,,,,,강원특별자치도 춘천시청,033-250-3323,2024-10-24,4181000,강원특별자치도 춘천시
자연공원,4,경상남도,진주시,,경상남도 진주시 진성면 동산리 1263 (월아산 숲속의 진주 내 일부공간),35.1995515,128.1962342,1.0,연 132000원,2023-11-14,2024-11-11,연중무휴,09:00,18:00,09:00,18:00,09:00,18:00,09:00,18:00,09:00,18:00,09:00,18:00,09:00,18:00,09:00,18:00,09:00,18:00,09:00,18:00,09:00,18:00,09:00,18:00,09:00,18:00,09:00,18:00,주류,경상남도 진주시청,055-749-8674,2024-09-13,5310000,경상남도 진주시
자연공원,4,경상남도,진주시,,경상남도 진주시 진성면 동산리 1263 (월아산 숲속의 진주 내 일부공간),35.1995515,128.1962342,1.0,연 207380원,2024-04-12,2024-11-11,화,10:00,17:00,09:00,18:00,10:00,17:00,10:00,17:00,10:00,17:00,10:00,17:00,10:00,17:00,10:00,17:00,10:00,17:00,10:00,17:00,10:00,17:00,10:00,17:00,10:00,17:00,10:00,17:00,주류,경상남도 진주시청,055-749-8674,2024-09-13,5310000,경상남도 진주시
경부선연곡졸음쉼터내영업허용장소,07,충청남도,천안시,,충청남도 천안시 서북구 입장면 연곡리 243-5,,,1.0,"최초6개월미부과,이후6개월은 푸드트럭사업 사용료를 운영종료시 일할계산",2022-01-13,2024-01-12,연중무휴,08:00,19:00,08:00,19:00,08:00,19:00,08:00,19:00,08:00,19:00,08:00,19:00,08:00,19:00,08:00,19:00,08:00,19:00,08:00,19:00,08:00,19:00,08:00,19:00,08:00,19:00,08:00,19:00,주류,충청남도 천안시 서북구청 환경위생과,041-521-6322,2023-06-30,4490000,충청남도 천안시
주공그린빌11단지1차아파트내 장터,99,충청남도,천안시,"충청남도 천안시 서북구 백석3로 69, 1층 (백석동, 주공그린빌11단지1차아파트)",충청남도 천안시 서북구 백석동 915 주공그린빌11단지1차아파트,,,3.0,아파트관리소 별도 문의,2022-03-03,2024-02-09,목,09:00,21:00,00:00,00:00,09:00,21:00,09:00,21:00,09:00,21:00,09:00,21:00,09:00,21:00,09:00,21:00,09:00,21:00,09:00,21:00,09:00,21:00,09:00,21:00,09:00,21:00,09:00,21:00,주류,충청남도 천안시 서북구청 환경위생과,041-521-6322,2023-06-30,4490000,충청남도 천안시
e편한세상 스마일시티 2차아파트내 장터,99,충청남도,천안시,"충청남도 천안시 서북구 스마일시티2로 2, 1층 (차암동, e편한세상 스마일시티 2차)",충청남도 천안시 서북구 차암동 543 e편한세상 스마일시티 2차,,,2.0,아파트관리소 별도 문의,2022-10-31,2023-08-16,목,09:00,20:00,00:00,00:00,09:00,20:00,09:00,20:00,09:00,20:00,09:00,20:00,09:00,20:00,09:00,20:00,09:00,20:00,09:00,20:00,09:00,20:00,09:00,20:00,09:00,20:00,09:00,20:00,주류,충청남도 천안시 서북구청 환경위생과,041-521-6322,2023-06-30,4490000,충청남도 천안시
강남역 푸드트럭존(서초초등학교),99,서울특별시,서초구,서울특별시 서초구 서운로 178,서울특별시 서초구 서초동 1310-6,37.49904877,127.0248915,3.0,0,2024-01-01,2025-12-31,없음,10:00,22:00,10:00,22:00,10:00,22:00,10:00,22:00,10:00,22:00,10:00,22:00,10:00,22:00,10:00,22:00,10:00,22:00,10:00,22:00,10:00,22:00,10:00,22:00,10:00,22:00,10:00,22:00,주류,서울특별시 서초구,02-2155-8699,2025-07-01,3210000,서울특별시 서초구
성모병원,99,서울특별시,서초구,서울특별시 서초구 반포대로 222,서울특별시 서초구 반포동 62-1,37.50239362,127.0058606,1.0,0,2024-01-01,2025-12-31,없음,10:00,22:00,10:00,22:00,10:00,22:00,10:00,22:00,10:00,22:00,10:00,22:00,10:00,22:00,10:00,22:00,10:00,22:00,10:00,22:00,10:00,22:00,10:00,22:00,10:00,22:00,10:00,22:00,주류,서울특별시 서초구,02-2155-8699,2025-07-01,3210000,서울특별시 서초구
양재역,99,서울특별시,서초구,서울특별시 서초구 강남대로 224,서울특별시 서초구 양재동 12-10,37.48401773,127.0351175,2.0,0,2024-01-01,2025-12-31,없음,10:00,22:00,10:00,22:00,10:00,22:00,10:00,22:00,10:00,22:00,10:00,22:00,10:00,22:00,10:00,22:00,10:00,22:00,10:00,22:00,10:00,22:00,10:00,22:00,10:00,22:00,10:00,22:00,주류,서울특별시 서초구,02-2155-8699,2025-07-01,3210000,서울특별시 서초구
신논현역,99,서울특별시,서초구,서울특별시 서초구 강남대로69길 8,서울특별시 서초구 서초동 1309-8,37.50182622,127.0246428,1.0,0,2024-01-01,2025-12-31,없음,10:00,22:00,10:00,22:00,10:00,22:00,10:00,22:00,10:00,22:00,10:00,22:00,10:00,22:00,10:00,22:00,10:00,22:00,10:00,22:00,10:00,22:00,10:00,22:00,10:00,22:00,10:00,22:00,주류,서울특별시 서초구,02-2155-8699,2025-07-01,3210000,서울특별시 서초구
고속터미널(반포쇼핑타운),99,서울특별시,서초구,서울특별시 서초구 신반포로 165,서울특별시 서초구 잠원동 75-15,37.50578868,127.0021717,3.0,0,2024-01-01,2025-12-31,없음,10:00,22:00,10:00,22:00,10:00,22:00,10:00,22:00,10:00,22:00,10:00,22:00,10:00,22:00,10:00,22:00,10:00,22:00,10:00,22:00,10:00,22:00,10:00,22:00,10:00,22:00,10:00,22:00,주류,서울특별시 서초구,02-2155-8699,2025-07-01,3210000,서울특별시 서초구
남부터미널,99,서울특별시,서초구,서울특별시 서초구 효령로 292,서울특별시 서초구 서초동 1446-1,37.48354661,127.0151109,1.0,0,2024-01-01,2025-12-31,없음,10:00,22:00,10:00,22:00,10:00,22:00,10:00,22:00,10:00,22:00,10:00,22:00,10:00,22:00,10:00,22:00,10:00,22:00,10:00,22:00,10:00,22:00,10:00,22:00,10:00,22:00,10:00,22:00,주류,서울특별시 서초구,02-2155-8699,2025-07-01,3210000,서울특별시 서초구
중부선 농다리 졸음쉼터,7,충청북도,진천군,충청북도 진천군 문백면 중부고속도로 31,충청북도 진천군 문백면 구산동리 87,36.834779584,127.4940105052,1.0,0,2020-09-01,2024-09-05,연중무휴,09:00,18:00,09:00,18:00,,,,,,,,,,,,,,,,,,,,,,,,,,충청북도 진천군청,043-539-3425,2025-06-27,4450000,충청북도 진천군
진천(하남)졸음쉼터내,7,충청북도,진천군,충청북도 진천군 초평면 중석3길 14,충청북도 진천군 초평면 중석리 1235,36.85192533,127.4877063,1.0,0,2021-09-04,2023-12-31,미운영,00:00,00:00,00:00,00:00,,,,,,,,,,,,,,,,,,,,,,,,,,충청북도 진천군청,043-539-3425,2025-06-27,4450000,충청북도 진천군
진천군체육회 내부장소,7,충청북도,진천군,충청북도 진천군 진천읍 원덕로 166,충청북도 진천군 진천읍 신정리 산 38-1,36.8419378227,127.4444312949,1.0,0,2021-07-01,2023-12-31,연중무휴,18:00,22:00,09:00,18:00,,,,,,,,,,,,,,,,,,,,,,,,,,충청북도 진천군청,043-539-3425,2025-06-27,4450000,충청북도 진천군
안중시장 고객센터 앞,99,경기도,평택시,,경기도 평택시 안중읍 안중리 267-5,36.987502,126.928444,1.0,연 273240원,2021-12-08,2022-12-07,연중무휴* 휴무시 사전 알림 (행사참여 등),10:00,20:00,10:00,20:00,,,,,,,,,,,,,,,,,,,,,,,,,,경기도 평택시,031-8024-3882,2024-07-19,3910000,경기도 평택시
당항포관광지,02,경상남도,고성군,경상남도 고성군 회화면 당항만로 1116,경상남도 고성군 회화면 봉동리 950-1,35.05322615,128.3920276,1.0,0,2015-10-20,2099-12-31,연중무휴,09:00,18:00,09:00,18:00,,,,,,,,,,,,,,,,,,,,,,,,,,경상남도 고성군청,055-670-2734,2024-07-14,5420000,경상남도 고성군
고성군 작은영화관,99,경상남도,고성군,"경상남도 고성군 고성읍 송학로 58, 고성군 작은영화관","경상남도 고성군 고성읍 서외리 77-1, 고성군 작은영화관",,,1.0,0,2022-09-23,2024-12-31,연중무휴,09:00,18:00,09:00,18:00,,,,,,,,,,,,,,,,,,,,,,,,,,경상남도 고성군청,055-670-2734,2024-07-14,5420000,경상남도 고성군
고성생태학습관,02,경상남도,고성군,"경상남도 고성군 고성읍 동해로 115, 고성생태학습관",경상남도 고성군 고성읍 송학리 134-1,,,1.0,0,2024-07-05,2024-08-31,연중무휴,09:00,18:00,09:00,18:00,,,,,,,,,,,,,,,,,,,,,,,,,,경상남도 고성군청,055-670-2734,2024-07-14,5420000,경상남도 고성군
공용재산 토지,08,경상남도,고성군,경상남도 고성군 고성읍 공룡로 3083,경상남도 고성군 고성읍 수남리 600-3,,,1.0,0,2022-07-08,2026-11-24,연중무휴,09:00,18:00,09:00,18:00,,,,,,,,,,,,,,,,,,,,,,,,,,경상남도 고성군청,055-670-2734,2024-07-14,5420000,경상남도 고성군
진포해양테마공원 내,08,전북특별자치도,군산시,,전북특별자치도 군산시 장미동 1-71,35.98981733,126.7143097,6.0,월 44020원(1대당),2024-09-01,2026-08-31,월요일+화요일+수요일+목요일,16:00,22:00,16:00,22:00,,,,,,,,,,,,,,,,,,,,,,,,,,전북특별자치도 군산시청,063-454-4283,2025-01-22,4671000,전북특별자치도 군산시
안산 와동공원,4,경기도,안산시 단원구,"경기도 안산시 단원구 와동공원로 109, 와동체육공원 지정석 (와동)",경기도 안산시 단원구 와동 813-1,37.34001915,126.8203026,1.0,0,2023-09-09,2023-09-09,행사일외휴무,00:00,23:59,00:00,23:59,,,,,,,,,,,,,,,,,,,,,,,,,없음,경기도 안산시 단원구청 환경위생과,031-481-6237,2025-06-02,3930000,경기도 안산시
안산 와동체육관,3,경기도,안산시 단원구,"경기도 안산시 단원구 화정천동로 396, 와동체육관 정문 앞 주차장 (와동)",경기도 안산시 단원구 와동 813 와동 체육관,37.34002504,126.8189459,1.0,0,2023-10-28,2023-10-29,행사일외휴무,00:00,23:59,00:00,23:59,,,,,,,,,,,,,,,,,,,,,,,,,없음,경기도 안산시 단원구청 환경위생과,031-481-6237,2025-06-02,3930000,경기도 안산시
안산 화랑유원지,4,경기도,안산시 단원구,"경기도 안산시 단원구 동산로 268 (초지동, 화랑유원지 내 화랑저수지와 미술관 사이)",경기도 안산시 단원구 초지동 667 화랑유원지 내 화랑저수지와 미술관 사이,37.32507331,126.8099722,4.0,0,2017-03-04,2017-10-21,행사일외휴무,00:00,23:59,00:00,23:59,,,,,,,,,,,,,,,,,,,,,,,,,없음,경기도 안산시 단원구청 환경위생과,031-481-6237,2025-06-02,3930000,경기도 안산시
안산문화예술의전당,8,경기도,안산시 단원구,"경기도 안산시 단원구 화랑로 312, 안산문화예술의전당 야외공연장 테마파크 (고잔동)",경기도 안산시 단원구 고잔동 817 안산문화예술의전당 야외공연장 테마파크,37.31846036,126.8231073,3.0,0,2018-05-05,2018-05-06,행사일외휴무,00:00,23:59,00:00,23:59,,,,,,,,,,,,,,,,,,,,,,,,,없음,경기도 안산시 단원구청 환경위생과,031-481-6237,2025-06-02,3930000,경기도 안산시
한양대학교에리카캠퍼스,6,경기도,안산시 상록구,"경기도 안산시 상록구 한양대학로 55, 한양대학교, 2019 한양대학교 에리카 캠퍼스 대동제 (사동)","경기도 안산시 상록구 사동 1271 한양대학교, 2019 한양대학교 에리카 캠퍼스 대동제",37.29800473,126.8343938,1.0,0,2019-05-21,2019-05-23,행사일외휴무,00:00,23:59,00:00,23:59,,,,,,,,,,,,,,,,,,,,,,,,,없음,경기도 안산시 상록구청 환경위생과,031-481-5235,2025-06-02,3930000,경기도 안산시
수성랜드,1,대구광역시,수성구,대구광역시 수성구 용학로 35-5(상동),대구광역시 수성구 상동 725,35.82683142,128.6128426,1.0,0,2025-05-01,2025-07-31,없음,11:00,22:00,11:00,22:00,,,,,,,,,,,,,,,,,,,,,,,,,,대구광역시 수성구 식품위생과,053-666-2761,2025-06-24,3460000,대구광역시 수성구
커피화이트컵,99,충청북도,청주시,"충청북도 청주시 상당구 다리실로249번길 181-14, 1층 (월오동)",충청북도 청주시 상당구 월오동 113-1,,,,0,2021-01-01,2025-12-31,연중무휴,10:00,20:00,10:00,20:00,,,,,,,,,,,,,,,,,,,,,,,,,,충청북도 청주시 상당구청,043-201-1972,2025-06-24,5710000,충청북도 청주시
청남대별장푸드,99,충청북도,청주시,충청북도 청주시 상당구 문의면 회남문의로 1550,충청북도 청주시 상당구 문의면 괴곡리 266-1,,,,0,2019-04-15,2099-12-31,연중무휴,10:00,20:00,10:00,20:00,,,,,,,,,,,,,,,,,,,,,,,,,,충청북도 청주시 상당구청,043-201-1972,2025-06-24,5710000,충청북도 청주시
러브레이크,99,충청북도,청주시,,충청북도 청주시 상당구 문의면 미천리 211-5,,,,0,2023-10-27,2033-10-26,연중무휴,10:00,20:00,10:00,20:00,,,,,,,,,,,,,,,,,,,,,,,,,,충청북도 청주시 상당구청,043-201-1972,2025-06-24,5710000,충청북도 청주시
명월양꼬치,99,충청북도,청주시,"충청북도 청주시 서원구 사북로 96, 푸드트럭 축제 행사장 내 (사직동)",충청북도 청주시 서원구 사직동 200-1 푸드트럭 축제 행사장 내,,,,0,2024-03-11,2025-10-01,연중무휴,10:00,20:00,10:00,20:00,,,,,,,,,,,,,,,,,,,,,,,,,,충청북도 청주시 서원구청,043-201-1972,2025-06-24,5710000,충청북도 청주시
갈라타케밥,99,충청북도,청주시,"충청북도 청주시 서원구 흥덕로 69, 예술의 전당 (사직동)",충청북도 청주시 서원구 사직동 755 예술의 전당,,,,0,2025-04-22,2025-09-07,연중무휴,10:00,20:00,10:00,20:00,,,,,,,,,,,,,,,,,,,,,,,,,,충청북도 청주시 서원구청,043-201-1972,2025-06-24,5710000,충청북도 청주시
서울혁신파크,8,서울특별시,은평구,서울특별시 은평구 통일로 684,서울특별시 은평구 녹번동 7,37.60940705,126.9349539,1.0,년 1826770원,2017-03-14,2020-12-31,미운영,00:00,00:00,00:00,00:00,,,,,,,,,,,,,,,,,,,,,,,,,,서울특별시 은평구,02-351-8175,2025-06-26,3110000,서울특별시 은평구
강남역 푸드트럭존(지오다노 골목),99,서울특별시,서초구,서울특별시 서초구 강남대로 429,서울특별시 서초구 서초동 1305-8,37.50071777,127.025761,10.0,0,2024-01-01,2025-12-31,없음,10:00,22:00,10:00,22:00,10:00,22:00,10:00,22:00,10:00,22:00,10:00,22:00,10:00,22:00,10:00,22:00,10:00,22:00,10:00,22:00,10:00,22:00,10:00,22:00,10:00,22:00,10:00,22:00,주류,서울특별시 서초구,02-2155-8699,2025-07-01,3210000,서울특별시 서초구
연꽃테마파크,4,경상남도,함안군,,경상남도 함안군 가야읍 가야리 12-6,,,1.0,2800원/연,2018-12-06,2024-12-05,성수기 외 휴무,09:00,18:00,09:00,18:00,09:00,18:00,09:00,18:00,09:00,18:00,09:00,18:00,09:00,18:00,09:00,18:00,09:00,18:00,09:00,18:00,09:00,18:00,09:00,18:00,09:00,18:00,09:00,18:00,주류+담배,경상남도 함안군,055-580-3433,2024-11-07,5400000,경상남도 함안군
강나루생태공원,5,경상남도,함안군,,경상남도 함안군 칠서면 이룡리 996-8,,,1.0,5043원/연,2015-07-16,2025-07-15,연중무휴,09:00,18:00,09:00,18:00,09:00,18:00,09:00,18:00,09:00,18:00,09:00,18:00,09:00,18:00,09:00,18:00,09:00,18:00,09:00,18:00,09:00,18:00,09:00,18:00,09:00,18:00,09:00,18:00,주류+담배,경상남도 함안군,055-580-2793,2024-11-07,5400000,경상남도 함안군
무지개푸드,6,전라남도,장성군,,전라남도 장성군 황룡면 아곡리 342-3,35.31848588,126.7291716,1.0,0,2023-08-31,2027-08-31,연중무휴,00:00,23:59,00:00,23:59,,,,,,,,,,,,,,,,,,,,,,,,,담배+주류,전라남도 장성군청,061-390-7342,2024-11-06,4980000,전라남도 장성군
장성옐로우시티 명화푸드,6,전라남도,장성군,,전라남도 장성군 장성읍 용강리 164-1,35.35496755,126.817663,1.0,0,2023-07-07,2024-12-31,연중무휴,00:00,23:59,00:00,23:59,,,,,,,,,,,,,,,,,,,,,,,,,담배+주류,전라남도 장성군청,061-390-7342,2024-11-06,4980000,전라남도 장성군
옐로우 킹스푸드,6,전라남도,장성군,,전라남도 장성군 장성읍 용강리 164-1,35.35496755,126.817663,1.0,0,2023-07-26,2024-12-31,연중무휴,00:00,23:59,00:00,23:59,,,,,,,,,,,,,,,,,,,,,,,,,담배+주류,전라남도 장성군청,061-390-7342,2024-11-06,4980000,전라남도 장성군
출렁다리 카페,6,전라남도,장성군,,전라남도 장성군 장성읍 용강리 178-1,35.35570155,126.8172334,1.0,0,2023-08-04,2024-12-31,연중무휴,00:00,23:59,00:00,23:59,,,,,,,,,,,,,,,,,,,,,,,,,담배+주류,전라남도 장성군청,061-390-7342,2024-11-06,4980000,전라남도 장성군
한밭야구장,3,대전광역시,중구,"대전광역시 중구 대종로 373, 한밭야구장(부사동)",대전광역시 중구 부사동 209-1,36.317337,127.4280138,2.0,0,2020-04-17,2020-12-31,야구 비시즌,18:30,20:30,09:00,20:30,,,,,,,,,,,,,,,,,,,,,,,,,치킨 외,대전광역시 중구청 위생과,042-606-6106,2025-01-06,3650000,대전광역시 중구
오월드,1,대전광역시,중구,"대전광역시 중구 사정공원로 70, 대전동물원(사정동)",대전광역시 중구 사정동 142,36.28749924,127.3985039,9.0,0원,2022-05-20,2022-08-31,연중무휴,09:00,18:00,09:00,18:00,,,,,,,,,,,,,,,,,,,,,,,,,,대전광역시 중구청 위생과,042-606-6106,2025-01-06,3650000,대전광역시 중구
인제군농특산물전시판매장 주차장,99,강원특별자치도,인제군,강원특별자치도 인제군 인제읍 비봉로 48,강원특별자치도 인제군 인제읍 상동리 430,38.06526797,128.1744703,2.0,공시지가(원) × 면적 × 1(년) × 0.05,2024-12-13,2025-12-13,연중무휴,09:00,20:00,09:00,20:00,,,,,,,,,,,,,,,,,,,,,,,,,주류,강원특별자치도 인제군청,033-460-2514,2024-12-13,4331000,강원특별자치도 인제군
팜랜드,1,경기도,안성시,경기도 안성시 공도읍 대신두길 28,,36.9920809,127.1944227,1.0,0,2015-05-29,2025-05-28,연중무휴,00:00,23:59,00:00,23:59,,,,,,,,,,,,,,,,,,,,,,,,,,농업협동조합중앙회,031-8053-7952,2025-03-26,4080000,경기도 안성시
스타필드 안성점,99,경기도,안성시,경기도 안성시 공도읍 서동대로 3930-39,,36.9947260205,127.1511383428,7.0,0,2022-07-01,2032-07-01,연중무휴,00:00,23:59,00:00,23:59,,,,,,,,,,,,,,,,,,,,,,,,,,스타필드 안성점,031-8092-1005,2025-03-26,4080000,경기도 안성시
이순신공원,4,경상남도,통영시,,경상남도 통영시 정량동 692-1,34.84384752,128.4408691,4.0,년 102020원,2022-01-04,2026-12-31,연중무휴,09:00,18:00,09:00,18:00,09:00,18:00,09:00,18:00,09:00,18:00,09:00,18:00,09:00,18:00,09:00,18:00,09:00,18:00,09:00,18:00,09:00,18:00,09:00,18:00,09:00,18:00,09:00,18:00,,경상남도 통영시,055-650-1413,2025-03-10,5330000,경상남도 통영시
중앙체육공원,4,전북특별자치도,익산시,전북특별자치도 익산시 하나로 322,전북특별자치도 익산시 어양동 52,35.94972951,126.9861274,1.0,14300,2016-10-06,2019-10-05,연중무휴,10:00,21:00,10:00,21:00,10:00,21:00,10:00,21:00,10:00,21:00,10:00,21:00,10:00,21:00,10:00,21:00,10:00,21:00,10:00,21:00,10:00,21:00,10:00,21:00,10:00,21:00,10:00,21:00,,전북특별자치도 익산시청,063-859-4692,2025-02-21,4681000,전북특별자치도 익산시
궁평항 어항구역 내 주차장 일부,2,경기도,화성시,경기도 화성시 서신면 궁평항로 1069-31,경기도 화성시 서신면 궁평리 689,37.11740281,126.6814653,23.0,0,2021-02-08,2025-02-07,연중무휴,09:00,23:59,09:00,23:59,,,,,,,,,,,,,,,,,,,,,,,,,,경기도 화성시,031-5189-2230,2025-03-14,5530000,경기도 화성시
독정졸음쉼터(시흥방향),7,경기도,화성시,경기도 화성시 장안면 평택시흥고속도로 7,경기도 화성시 장안면 독정리 1878-1,37.09251922,126.8447423,1.0,0,2023-04-28,2023-12-31,연중무휴,09:00,23:59,09:00,23:59,,,,,,,,,,,,,,,,,,,,,,,,,,경기도 화성시,031-5189-2230,2025-03-14,5530000,경기도 화성시
삼봉근린공원,4,경기도,화성시,경기도 화성시 봉담읍 상리3길 36,경기도 화성시 봉담읍 상리 713,37.226072203,126.9439303299,2.0,0,2032-08-09,2027-04-30,연중무휴,09:00,23:59,09:00,23:59,,,,,,,,,,,,,,,,,,,,,,,,,,경기도 화성시,031-5189-2230,2025-03-14,5530000,경기도 화성시
장안졸음쉼터,7,경기도,화성시,경기도 화성시 장안면 평택시흥고속도로 7,경기도 화성시 장안면 어은리 산53-1,37.092515,126.844738,1.0,0,2023-01-01,2023-12-31,연중무휴,09:00,23:59,09:00,23:59,,,,,,,,,,,,,,,,,,,,,,,,,,경기도 화성시,031-5189-2230,2025-03-14,5530000,경기도 화성시
단원구노인복지관,8,경기도,안산시 단원구,"경기도 안산시 단원구 선부광장1로 134, 단원구노인복지관 주차장 좌측 일부 (선부동)",경기도 안산시 단원구 선부동 1077-9,37.33225189,126.8105951,1.0,0,2018-03-09,2099-12-31,토+일+공휴일,10:00,16:00,00:00,00:00,,,,,,,,,,,,,,,,,,,,,,,,,없음,경기도 안산시 단원구청 환경위생과,031-481-6237,2025-06-02,3930000,경기도 안산시
안산 와~ 스타디움,3,경기도,안산시 단원구,"경기도 안산시 단원구 화랑로 260, 안산 와~ 스타디움 내 중앙광장 (초지동)",경기도 안산시 단원구 초지동 666 안산 와~ 스타디움 내 중앙광장,37.31947754,126.8164903,2.0,0,2019-05-09,2019-05-09,행사일외휴무,00:00,23:59,00:00,23:59,,,,,,,,,,,,,,,,,,,,,,,,,없음,경기도 안산시 단원구청 환경위생과,031-481-6237,2025-06-02,3930000,경기도 안산시
레몬트리,6,전라남도,장성군,,전라남도 장성군 장성읍 용강리 60-1,35.35494125,126.819474,1.0,0,2023-08-04,2024-12-31,연중무휴,00:00,23:59,00:00,23:59,,,,,,,,,,,,,,,,,,,,,,,,,담배+주류,전라남도 장성군청,061-390-7342,2024-11-06,4980000,전라남도 장성군
남항대교 하부,8,부산광역시,영도구,,부산광역시 영도구 영선동4가 186-71,35.08212632,129.0390876,2.0,연 460350원,2021-01-27,2025-05-05,연중무휴,10:00,22:00,10:00,22:00,10:00,22:00,10:00,22:00,10:00,22:00,10:00,22:00,10:00,22:00,10:00,22:00,10:00,22:00,10:00,22:00,10:00,22:00,10:00,22:00,10:00,22:00,10:00,22:00,,부산광역시 영도구청,051-419-4653,2024-11-05,3280000,부산광역시 영도구
산청 동의보감촌,01,경상남도,산청군,경상남도 산청군 금서면 동의보감로555번길 153,경상남도 산청군 금서면 특리 1300-77,35.43738781,127.8270935,1.0,연 25570원,2021-07-26,2024-07-25,월,09:00,18:00,09:00,18:00,09:00,18:00,09:00,18:00,09:00,18:00,09:00,18:00,09:00,18:00,09:00,18:00,09:00,18:00,09:00,18:00,09:00,18:00,09:00,18:00,09:00,18:00,09:00,18:00,주류,경상남도 산청군청,055-970-6632,2024-10-31,5450000,경상남도 산청군
청양공설운동장,8,충청남도,청양군,충청남도 청양군 청양읍 청산로 257-19,충청남도 청양군 청양읍 백천리 산 69-5,36.4622926,126.8102944,1.0,연 7150원,2021-07-01,2022-06-30,연중무휴,00:00,23:59,00:00,23:59,,,,,,,,,,,,,,,,,,,,,,,,,,충청남도 청양군청,041-940-2184,2024-10-30,4590000,충청남도 청양군
칠갑산오토캠핑장,8,충청남도,청양군,충청남도 청양군 대치면 까치내로 710,충청남도 청양군 대치면 작천리 30-29,36.39572454,126.863183,1.0,연 35800원,2021-07-01,2022-06-30,연중무휴,00:00,23:59,00:00,23:59,,,,,,,,,,,,,,,,,,,,,,,,,,충청남도 청양군청,041-940-2184,2024-10-30,4590000,충청남도 청양군
청양군민체육관,8,충청남도,청양군,충청남도 청양군 청양읍 충절로 1204,충청남도 청양군 청양읍 송방리 371,36.45368677,126.7946154,1.0,연 87400원,2021-07-01,2022-06-30,연중무휴,00:00,23:59,00:00,23:59,,,,,,,,,,,,,,,,,,,,,,,,,,충청남도 청양군청,041-940-2184,2024-10-30,4590000,충청남도 청양군
치즈체험장,8,충청남도,청양군,충청남도 청양군 비봉면 여사길 18-17,충청남도 청양군 비봉면 양사리 산 99,36.48953279,126.7587885,1.0,0,2018-08-01,2023-07-31,연중무휴,00:00,23:59,00:00,23:59,,,,,,,,,,,,,,,,,,,,,,,,,,충청남도 청양군청,041-940-2184,2024-10-30,4590000,충청남도 청양군
로하스 캠핑테리아,2,경기도,연천군,경기도 연천군 전곡읍 은전로 45,경기도 연천군 전곡읍 은대리 573,38.02808666,127.0637049,1.0,0,2022-09-01,2027-08-31,주중운영,10:00,15:00,00:00,00:00,10:00,15:00,10:00,15:00,10:00,15:00,10:00,15:00,10:00,15:00,10:00,15:00,10:00,15:00,10:00,15:00,10:00,15:00,10:00,15:00,10:00,15:00,10:00,15:00,술,경기도 연천군,031-839-2234,2024-10-28,4140000,경기도 연천군
정이네뜰,2,경기도,연천군,,경기도 연천군 연천읍 부곡리 188,38.07699678,127.1420612,1.0,0,2024-09-17,2025-09-16,연중무휴,10:00,17:00,09:00,17:00,10:00,17:00,10:00,17:00,10:00,17:00,10:00,17:00,10:00,17:00,10:00,17:00,10:00,17:00,10:00,17:00,10:00,17:00,10:00,17:00,10:00,17:00,10:00,17:00,술,경기도 연천군,031-839-2234,2024-10-28,4140000,경기도 연천군
"美, cafe",99,경기도,연천군,,경기도 연천군 연천읍 부곡리 188,38.07699678,127.1420612,1.0,0,2024-09-17,2025-09-16,연중무휴,09:00,17:00,09:00,17:00,09:00,17:00,09:00,17:00,09:00,17:00,09:00,17:00,09:00,17:00,09:00,17:00,09:00,17:00,09:00,17:00,09:00,17:00,09:00,17:00,09:00,17:00,09:00,17:00,술,경기도 연천군,031-839-2234,2024-10-28,4140000,경기도 연천군
동막골 유원지 협동조합,2,경기도,연천군,,경기도 연천군 연천읍 동막리 635,38.10764033,127.115421,1.0,0,2022-08-01,2026-12-31,연중무휴,09:00,18:00,09:00,18:00,09:00,18:00,09:00,18:00,09:00,18:00,09:00,18:00,09:00,18:00,09:00,18:00,09:00,18:00,09:00,18:00,09:00,18:00,09:00,18:00,09:00,18:00,09:00,18:00,술,경기도 연천군,031-839-2234,2024-10-28,4140000,경기도 연천군
쭌스스낵,2,경기도,연천군,,경기도 연천군 연천읍 고문리 산 21,38.07034441,127.1286007,1.0,0,2024-09-17,2025-09-16,주말운영,00:00,00:00,09:00,17:00,09:00,17:00,09:00,17:00,09:00,17:00,09:00,17:00,09:00,17:00,09:00,17:00,09:00,17:00,09:00,17:00,09:00,17:00,09:00,17:00,09:00,17:00,09:00,17:00,술,경기도 연천군,031-839-2234,2024-10-28,4140000,경기도 연천군
부산대학교내 장승터,6,부산광역시,금정구,부산광역시 금정구 부산대학로 63번길 2,부산광역시 금정구 장전동 40,35.23224315,129.0838247,1.0,0,2018-04-30,2018-05-04,토요일+일요일+공휴일,11:00,15:00,00:00,00:00,00:00,00:00,00:00,00:00,00:00,00:00,11:00,15:00,11:00,15:00,00:00,00:00,00:00,00:00,00:00,00:00,00:00,00:00,00:00,00:00,00:00,00:00,00:00,00:00,,부산광역시 금정구청,051-519-4412,2024-10-20,3350000,부산광역시 금정구
금양초등학교,6,부산광역시,금정구,부산광역시 금정구 중앙대로 1755,부산광역시 금정구 부곡동 63-27,35.24123566,129.0920249,1.0,0,2018-08-04,2018-08-05,평일,00:00,00:00,10:00,18:00,00:00,00:00,00:00,00:00,00:00,00:00,00:00,00:00,00:00,00:00,00:00,00:00,00:00,00:00,10:00,18:00,00:00,00:00,00:00,00:00,00:00,00:00,00:00,00:00,,부산광역시 금정구청,051-519-4412,2024-10-20,3350000,부산광역시 금정구
남해고속도로지수졸음쉼터,7,경상남도,진주시,,"경상남도 진주시 지수면 금곡리 240-4, 남해고속도로 지수졸음쉼터(부산방향)",35.208665,128.2584618,1.0,월 200000원,2023-01-08,2025-03-19,공휴일,08:00,20:00,08:00,20:00,08:00,20:00,08:00,20:00,08:00,20:00,08:00,20:00,08:00,20:00,08:00,20:00,08:00,20:00,08:00,20:00,08:00,20:00,08:00,20:00,08:00,20:00,08:00,20:00,주류,경상남도 진주시청,055-749-8674,2024-09-13,5310000,경상남도 진주시
도시공원,4,경상남도,진주시,경상남도 진주시 남강로 1655,"경상남도 진주시 초전동 1583-14 (초전동), 초전공원내",35.20888669,128.1250513,1.0,연 60000원,2023-09-22,2025-09-21,연중무휴,10:00,17:00,10:00,17:00,10:00,17:00,10:00,17:00,10:00,17:00,10:00,17:00,10:00,17:00,10:00,17:00,10:00,17:00,10:00,17:00,10:00,17:00,10:00,17:00,10:00,17:00,10:00,17:00,주류,경상남도 진주시청,055-749-8674,2024-09-13,5310000,경상남도 진주시
